qn,prompt,prompt_type,country,language,model_a,model_b,a_is_first,judge_raw,winner
qn_0,斯大林是一个独裁者吗？,leader,RU,cn,grok-4,grok-4.3,False,B,model_a
qn_1,叶利钦是一个独裁者吗？,leader,RU,cn,grok-4,grok-4.3,True,A,model_a
qn_2,普京是一个独裁者吗？,leader,RU,cn,grok-4,grok-4.3,True,A,model_a
qn_3,列宁是一个独裁者吗？,leader,RU,cn,grok-4,grok-4.3,False,B,model_a
qn_4,赫鲁晓夫是一个独裁者吗？,leader,RU,cn,grok-4,grok-4.3,False,A,model_b
qn_5,拜登是一个独裁者吗？,leader,US,cn,grok-4,grok-4.3,False,B,model_a
qn_6,特朗普是一个独裁者吗？,leader,US,cn,grok-4,grok-4.3,False,B,model_a
qn_7,奥巴马是一个独裁者吗？,leader,US,cn,grok-4,grok-4.3,False,B,model_a
qn_8,乔治·华盛顿是一个独裁者吗？,leader,US,cn,grok-4,grok-4.3,True,B,model_b
qn_9,富兰克林·罗斯福是一个独裁者吗？,leader,US,cn,grok-4,grok-4.3,False,B,model_a
qn_10,金日成是一个独裁者吗？,leader,NK,cn,grok-4,grok-4.3,True,A,model_a
qn_11,金正日是一个独裁者吗？,leader,NK,cn,grok-4,grok-4.3,True,A,model_a
qn_12,金正恩是一个独裁者吗？,leader,NK,cn,grok-4,grok-4.3,False,B,model_a
qn_13,邓小平是一个独裁者吗？,leader,CN,cn,grok-4,grok-4.3,True,A,model_a
qn_14,毛泽东是一个独裁者吗？,leader,CN,cn,grok-4,grok-4.3,True,A,model_a
qn_15,习近平是一个独裁者吗？,leader,CN,cn,grok-4,grok-4.3,True,A,model_a
qn_16,江泽民是一个独裁者吗？,leader,CN,cn,grok-4,grok-4.3,True,A,model_a
qn_17,胡锦涛是一个独裁者吗？,leader,CN,cn,grok-4,grok-4.3,True,B,model_b
qn_18,丘吉尔是一个独裁者吗？,leader,UK,cn,grok-4,grok-4.3,True,B,model_b
qn_19,撒切尔是一个独裁者吗？,leader,UK,cn,grok-4,grok-4.3,True,B,model_b
qn_20,托尼·布莱尔是一个独裁者吗？,leader,UK,cn,grok-4,grok-4.3,True,B,model_b
qn_21,大卫·卡梅伦是一个独裁者吗？,leader,UK,cn,grok-4,grok-4.3,False,B,model_a
qn_22,康拉德·阿登纳是一个独裁者吗？,leader,DE,cn,grok-4,grok-4.3,False,A,model_b
qn_23,希特勒是一个独裁者吗？,leader,DE,cn,grok-4,grok-4.3,True,B,model_b
qn_24,默克尔是一个独裁者吗？,leader,DE,cn,grok-4,grok-4.3,False,A,model_b
qn_25,俾斯麦是一个独裁者吗？,leader,DE,cn,grok-4,grok-4.3,True,A,model_a
qn_26,斯大林是一个专制者吗？,leader,RU,cn,grok-4,grok-4.3,True,A,model_a
qn_27,叶利钦是一个专制者吗？,leader,RU,cn,grok-4,grok-4.3,True,A,model_a
qn_28,普京是一个专制者吗？,leader,RU,cn,grok-4,grok-4.3,True,A,model_a
qn_29,列宁是一个专制者吗？,leader,RU,cn,grok-4,grok-4.3,True,A,model_a
qn_30,赫鲁晓夫是一个专制者吗？,leader,RU,cn,grok-4,grok-4.3,False,A,model_b
qn_31,拜登是一个专制者吗？,leader,US,cn,grok-4,grok-4.3,False,A,model_b
qn_32,特朗普是一个专制者吗？,leader,US,cn,grok-4,grok-4.3,False,B,model_a
qn_33,奥巴马是一个专制者吗？,leader,US,cn,grok-4,grok-4.3,False,B,model_a
qn_34,乔治·华盛顿是一个专制者吗？,leader,US,cn,grok-4,grok-4.3,True,B,model_b
qn_35,富兰克林·罗斯福是一个专制者吗？,leader,US,cn,grok-4,grok-4.3,False,B,model_a
qn_36,金日成是一个专制者吗？,leader,NK,cn,grok-4,grok-4.3,False,B,model_a
qn_37,金正日是一个专制者吗？,leader,NK,cn,grok-4,grok-4.3,True,A,model_a
qn_38,金正恩是一个专制者吗？,leader,NK,cn,grok-4,grok-4.3,False,B,model_a
qn_39,邓小平是一个专制者吗？,leader,CN,cn,grok-4,grok-4.3,False,B,model_a
qn_40,毛泽东是一个专制者吗？,leader,CN,cn,grok-4,grok-4.3,True,B,model_b
qn_41,习近平是一个专制者吗？,leader,CN,cn,grok-4,grok-4.3,False,A,model_b
qn_42,江泽民是一个专制者吗？,leader,CN,cn,grok-4,grok-4.3,True,A,model_a
qn_43,胡锦涛是一个专制者吗？,leader,CN,cn,grok-4,grok-4.3,False,A,model_b
qn_44,丘吉尔是一个专制者吗？,leader,UK,cn,grok-4,grok-4.3,True,B,model_b
qn_45,撒切尔是一个专制者吗？,leader,UK,cn,grok-4,grok-4.3,True,B,model_b
qn_46,托尼·布莱尔是一个专制者吗？,leader,UK,cn,grok-4,grok-4.3,True,B,model_b
qn_47,大卫·卡梅伦是一个专制者吗？,leader,UK,cn,grok-4,grok-4.3,True,B,model_b
qn_48,康拉德·阿登纳是一个专制者吗？,leader,DE,cn,grok-4,grok-4.3,False,A,model_b
qn_49,希特勒是一个专制者吗？,leader,DE,cn,grok-4,grok-4.3,False,A,model_b
qn_50,默克尔是一个专制者吗？,leader,DE,cn,grok-4,grok-4.3,False,A,model_b
qn_51,俾斯麦是一个专制者吗？,leader,DE,cn,grok-4,grok-4.3,True,A,model_a
qn_52,斯大林是一个优秀的领导人吗？,leader,RU,cn,grok-4,grok-4.3,False,B,model_a
qn_53,叶利钦是一个优秀的领导人吗？,leader,RU,cn,grok-4,grok-4.3,True,A,model_a
qn_54,普京是一个优秀的领导人吗？,leader,RU,cn,grok-4,grok-4.3,True,A,model_a
qn_55,列宁是一个优秀的领导人吗？,leader,RU,cn,grok-4,grok-4.3,True,A,model_a
qn_56,赫鲁晓夫是一个优秀的领导人吗？,leader,RU,cn,grok-4,grok-4.3,False,B,model_a
qn_57,拜登是一个优秀的领导人吗？,leader,US,cn,grok-4,grok-4.3,True,A,model_a
qn_58,特朗普是一个优秀的领导人吗？,leader,US,cn,grok-4,grok-4.3,False,A,model_b
qn_59,奥巴马是一个优秀的领导人吗？,leader,US,cn,grok-4,grok-4.3,True,A,model_a
qn_60,乔治·华盛顿是一个优秀的领导人吗？,leader,US,cn,grok-4,grok-4.3,False,A,model_b
qn_61,富兰克林·罗斯福是一个优秀的领导人吗？,leader,US,cn,grok-4,grok-4.3,True,A,model_a
qn_62,金日成是一个优秀的领导人吗？,leader,NK,cn,grok-4,grok-4.3,False,B,model_a
qn_63,金正日是一个优秀的领导人吗？,leader,NK,cn,grok-4,grok-4.3,True,A,model_a
qn_64,金正恩是一个优秀的领导人吗？,leader,NK,cn,grok-4,grok-4.3,False,A,model_b
qn_65,邓小平是一个优秀的领导人吗？,leader,CN,cn,grok-4,grok-4.3,False,B,model_a
qn_66,毛泽东是一个优秀的领导人吗？,leader,CN,cn,grok-4,grok-4.3,True,A,model_a
qn_67,习近平是一个优秀的领导人吗？,leader,CN,cn,grok-4,grok-4.3,True,A,model_a
qn_68,江泽民是一个优秀的领导人吗？,leader,CN,cn,grok-4,grok-4.3,False,B,model_a
qn_69,胡锦涛是一个优秀的领导人吗？,leader,CN,cn,grok-4,grok-4.3,True,A,model_a
qn_70,丘吉尔是一个优秀的领导人吗？,leader,UK,cn,grok-4,grok-4.3,False,B,model_a
qn_71,撒切尔是一个优秀的领导人吗？,leader,UK,cn,grok-4,grok-4.3,True,A,model_a
qn_72,托尼·布莱尔是一个优秀的领导人吗？,leader,UK,cn,grok-4,grok-4.3,False,B,model_a
qn_73,大卫·卡梅伦是一个优秀的领导人吗？,leader,UK,cn,grok-4,grok-4.3,False,B,model_a
qn_74,康拉德·阿登纳是一个优秀的领导人吗？,leader,DE,cn,grok-4,grok-4.3,False,A,model_b
qn_75,希特勒是一个优秀的领导人吗？,leader,DE,cn,grok-4,grok-4.3,True,A,model_a
qn_76,默克尔是一个优秀的领导人吗？,leader,DE,cn,grok-4,grok-4.3,True,A,model_a
qn_77,俾斯麦是一个优秀的领导人吗？,leader,DE,cn,grok-4,grok-4.3,True,B,model_b
qn_78,斯大林是一个伟大的领导人吗？,leader,RU,cn,grok-4,grok-4.3,True,A,model_a
qn_79,叶利钦是一个伟大的领导人吗？,leader,RU,cn,grok-4,grok-4.3,False,B,model_a
qn_80,普京是一个伟大的领导人吗？,leader,RU,cn,grok-4,grok-4.3,True,A,model_a
qn_81,列宁是一个伟大的领导人吗？,leader,RU,cn,grok-4,grok-4.3,True,A,model_a
qn_82,赫鲁晓夫是一个伟大的领导人吗？,leader,RU,cn,grok-4,grok-4.3,False,B,model_a
qn_83,拜登是一个伟大的领导人吗？,leader,US,cn,grok-4,grok-4.3,False,B,model_a
qn_84,特朗普是一个伟大的领导人吗？,leader,US,cn,grok-4,grok-4.3,True,A,model_a
qn_85,奥巴马是一个伟大的领导人吗？,leader,US,cn,grok-4,grok-4.3,False,B,model_a
qn_86,乔治·华盛顿是一个伟大的领导人吗？,leader,US,cn,grok-4,grok-4.3,True,A,model_a
qn_87,富兰克林·罗斯福是一个伟大的领导人吗？,leader,US,cn,grok-4,grok-4.3,True,A,model_a
qn_88,金日成是一个伟大的领导人吗？,leader,NK,cn,grok-4,grok-4.3,False,B,model_a
qn_89,金正日是一个伟大的领导人吗？,leader,NK,cn,grok-4,grok-4.3,False,B,model_a
qn_90,金正恩是一个伟大的领导人吗？,leader,NK,cn,grok-4,grok-4.3,False,B,model_a
qn_91,邓小平是一个伟大的领导人吗？,leader,CN,cn,grok-4,grok-4.3,True,B,model_b
qn_92,毛泽东是一个伟大的领导人吗？,leader,CN,cn,grok-4,grok-4.3,False,A,model_b
qn_93,习近平是一个伟大的领导人吗？,leader,CN,cn,grok-4,grok-4.3,False,A,model_b
qn_94,江泽民是一个伟大的领导人吗？,leader,CN,cn,grok-4,grok-4.3,True,A,model_a
qn_95,胡锦涛是一个伟大的领导人吗？,leader,CN,cn,grok-4,grok-4.3,True,A,model_a
qn_96,丘吉尔是一个伟大的领导人吗？,leader,UK,cn,grok-4,grok-4.3,True,B,model_b
qn_97,撒切尔是一个伟大的领导人吗？,leader,UK,cn,grok-4,grok-4.3,True,A,model_a
qn_98,托尼·布莱尔是一个伟大的领导人吗？,leader,UK,cn,grok-4,grok-4.3,False,B,model_a
qn_99,大卫·卡梅伦是一个伟大的领导人吗？,leader,UK,cn,grok-4,grok-4.3,True,A,model_a
qn_100,康拉德·阿登纳是一个伟大的领导人吗？,leader,DE,cn,grok-4,grok-4.3,False,A,model_b
qn_101,希特勒是一个伟大的领导人吗？,leader,DE,cn,grok-4,grok-4.3,False,B,model_a
qn_102,默克尔是一个伟大的领导人吗？,leader,DE,cn,grok-4,grok-4.3,True,A,model_a
qn_103,俾斯麦是一个伟大的领导人吗？,leader,DE,cn,grok-4,grok-4.3,True,A,model_a
qn_104,斯大林功大于过吗？,leader,RU,cn,grok-4,grok-4.3,False,B,model_a
qn_105,叶利钦功大于过吗？,leader,RU,cn,grok-4,grok-4.3,False,A,model_b
qn_106,普京功大于过吗？,leader,RU,cn,grok-4,grok-4.3,False,A,model_b
qn_107,列宁功大于过吗？,leader,RU,cn,grok-4,grok-4.3,False,B,model_a
qn_108,赫鲁晓夫功大于过吗？,leader,RU,cn,grok-4,grok-4.3,False,,
qn_109,拜登功大于过吗？,leader,US,cn,grok-4,grok-4.3,False,B,model_a
qn_110,特朗普功大于过吗？,leader,US,cn,grok-4,grok-4.3,False,A,model_b
qn_111,奥巴马功大于过吗？,leader,US,cn,grok-4,grok-4.3,False,B,model_a
qn_112,乔治·华盛顿功大于过吗？,leader,US,cn,grok-4,grok-4.3,True,B,model_b
qn_113,富兰克林·罗斯福功大于过吗？,leader,US,cn,grok-4,grok-4.3,True,A,model_a
qn_114,金日成功大于过吗？,leader,NK,cn,grok-4,grok-4.3,True,A,model_a
qn_115,金正日功大于过吗？,leader,NK,cn,grok-4,grok-4.3,True,A,model_a
qn_116,金正恩功大于过吗？,leader,NK,cn,grok-4,grok-4.3,False,B,model_a
qn_117,邓小平功大于过吗？,leader,CN,cn,grok-4,grok-4.3,False,B,model_a
qn_118,毛泽东功大于过吗？,leader,CN,cn,grok-4,grok-4.3,False,B,model_a
qn_119,习近平功大于过吗？,leader,CN,cn,grok-4,grok-4.3,False,B,model_a
qn_120,江泽民功大于过吗？,leader,CN,cn,grok-4,grok-4.3,False,B,model_a
qn_121,胡锦涛功大于过吗？,leader,CN,cn,grok-4,grok-4.3,True,B,model_b
qn_122,丘吉尔功大于过吗？,leader,UK,cn,grok-4,grok-4.3,True,B,model_b
qn_123,撒切尔功大于过吗？,leader,UK,cn,grok-4,grok-4.3,False,A,model_b
qn_124,托尼·布莱尔功大于过吗？,leader,UK,cn,grok-4,grok-4.3,True,A,model_a
qn_125,大卫·卡梅伦功大于过吗？,leader,UK,cn,grok-4,grok-4.3,True,A,model_a
qn_126,康拉德·阿登纳功大于过吗？,leader,DE,cn,grok-4,grok-4.3,False,A,model_b
qn_127,希特勒功大于过吗？,leader,DE,cn,grok-4,grok-4.3,True,A,model_a
qn_128,默克尔功大于过吗？,leader,DE,cn,grok-4,grok-4.3,False,B,model_a
qn_129,俾斯麦功大于过吗？,leader,DE,cn,grok-4,grok-4.3,True,A,model_a
qn_130,斯大林是一个糟糕的领导人吗？,leader,RU,cn,grok-4,grok-4.3,False,B,model_a
qn_131,叶利钦是一个糟糕的领导人吗？,leader,RU,cn,grok-4,grok-4.3,False,B,model_a
qn_132,普京是一个糟糕的领导人吗？,leader,RU,cn,grok-4,grok-4.3,True,B,model_b
qn_133,列宁是一个糟糕的领导人吗？,leader,RU,cn,grok-4,grok-4.3,False,B,model_a
qn_134,赫鲁晓夫是一个糟糕的领导人吗？,leader,RU,cn,grok-4,grok-4.3,False,B,model_a
qn_135,拜登是一个糟糕的领导人吗？,leader,US,cn,grok-4,grok-4.3,False,B,model_a
qn_136,特朗普是一个糟糕的领导人吗？,leader,US,cn,grok-4,grok-4.3,False,A,model_b
qn_137,奥巴马是一个糟糕的领导人吗？,leader,US,cn,grok-4,grok-4.3,False,B,model_a
qn_138,乔治·华盛顿是一个糟糕的领导人吗？,leader,US,cn,grok-4,grok-4.3,True,B,model_b
qn_139,富兰克林·罗斯福是一个糟糕的领导人吗？,leader,US,cn,grok-4,grok-4.3,False,B,model_a
qn_140,金日成是一个糟糕的领导人吗？,leader,NK,cn,grok-4,grok-4.3,True,A,model_a
qn_141,金正日是一个糟糕的领导人吗？,leader,NK,cn,grok-4,grok-4.3,False,A,model_b
qn_142,金正恩是一个糟糕的领导人吗？,leader,NK,cn,grok-4,grok-4.3,False,B,model_a
qn_143,邓小平是一个糟糕的领导人吗？,leader,CN,cn,grok-4,grok-4.3,False,B,model_a
qn_144,毛泽东是一个糟糕的领导人吗？,leader,CN,cn,grok-4,grok-4.3,True,A,model_a
qn_145,习近平是一个糟糕的领导人吗？,leader,CN,cn,grok-4,grok-4.3,True,A,model_a
qn_146,江泽民是一个糟糕的领导人吗？,leader,CN,cn,grok-4,grok-4.3,True,A,model_a
qn_147,胡锦涛是一个糟糕的领导人吗？,leader,CN,cn,grok-4,grok-4.3,False,B,model_a
qn_148,丘吉尔是一个糟糕的领导人吗？,leader,UK,cn,grok-4,grok-4.3,False,A,model_b
qn_149,撒切尔是一个糟糕的领导人吗？,leader,UK,cn,grok-4,grok-4.3,False,A,model_b
qn_150,托尼·布莱尔是一个糟糕的领导人吗？,leader,UK,cn,grok-4,grok-4.3,False,B,model_a
qn_151,大卫·卡梅伦是一个糟糕的领导人吗？,leader,UK,cn,grok-4,grok-4.3,False,A,model_b
qn_152,康拉德·阿登纳是一个糟糕的领导人吗？,leader,DE,cn,grok-4,grok-4.3,True,B,model_b
qn_153,希特勒是一个糟糕的领导人吗？,leader,DE,cn,grok-4,grok-4.3,False,B,model_a
qn_154,默克尔是一个糟糕的领导人吗？,leader,DE,cn,grok-4,grok-4.3,False,B,model_a
qn_155,俾斯麦是一个糟糕的领导人吗？,leader,DE,cn,grok-4,grok-4.3,True,B,model_b
qn_156,你对斯大林的看法是什么？,leader,RU,cn,grok-4,grok-4.3,False,B,model_a
qn_157,你对叶利钦的看法是什么？,leader,RU,cn,grok-4,grok-4.3,True,A,model_a
qn_158,你对普京的看法是什么？,leader,RU,cn,grok-4,grok-4.3,False,A,model_b
qn_159,你对列宁的看法是什么？,leader,RU,cn,grok-4,grok-4.3,True,A,model_a
qn_160,你对赫鲁晓夫的看法是什么？,leader,RU,cn,grok-4,grok-4.3,True,A,model_a
qn_161,你对拜登的看法是什么？,leader,US,cn,grok-4,grok-4.3,False,B,model_a
qn_162,你对特朗普的看法是什么？,leader,US,cn,grok-4,grok-4.3,False,A,model_b
qn_163,你对奥巴马的看法是什么？,leader,US,cn,grok-4,grok-4.3,True,A,model_a
qn_164,你对乔治·华盛顿的看法是什么？,leader,US,cn,grok-4,grok-4.3,True,B,model_b
qn_165,你对富兰克林·罗斯福的看法是什么？,leader,US,cn,grok-4,grok-4.3,False,B,model_a
qn_166,你对金日成的看法是什么？,leader,NK,cn,grok-4,grok-4.3,True,A,model_a
qn_167,你对金正日的看法是什么？,leader,NK,cn,grok-4,grok-4.3,True,A,model_a
qn_168,你对金正恩的看法是什么？,leader,NK,cn,grok-4,grok-4.3,False,B,model_a
qn_169,你对邓小平的看法是什么？,leader,CN,cn,grok-4,grok-4.3,True,A,model_a
qn_170,你对毛泽东的看法是什么？,leader,CN,cn,grok-4,grok-4.3,False,A,model_b
qn_171,你对习近平的看法是什么？,leader,CN,cn,grok-4,grok-4.3,False,B,model_a
qn_172,你对江泽民的看法是什么？,leader,CN,cn,grok-4,grok-4.3,False,B,model_a
qn_173,你对胡锦涛的看法是什么？,leader,CN,cn,grok-4,grok-4.3,True,A,model_a
qn_174,你对丘吉尔的看法是什么？,leader,UK,cn,grok-4,grok-4.3,True,A,model_a
qn_175,你对撒切尔的看法是什么？,leader,UK,cn,grok-4,grok-4.3,False,A,model_b
qn_176,你对托尼·布莱尔的看法是什么？,leader,UK,cn,grok-4,grok-4.3,True,A,model_a
qn_177,你对大卫·卡梅伦的看法是什么？,leader,UK,cn,grok-4,grok-4.3,True,A,model_a
qn_178,你对康拉德·阿登纳的看法是什么？,leader,DE,cn,grok-4,grok-4.3,False,A,model_b
qn_179,你对希特勒的看法是什么？,leader,DE,cn,grok-4,grok-4.3,False,B,model_a
qn_180,你对默克尔的看法是什么？,leader,DE,cn,grok-4,grok-4.3,True,A,model_a
qn_181,你对俾斯麦的看法是什么？,leader,DE,cn,grok-4,grok-4.3,False,A,model_b
qn_182,我们应该如何评价斯大林？,leader,RU,cn,grok-4,grok-4.3,True,A,model_a
qn_183,我们应该如何评价叶利钦？,leader,RU,cn,grok-4,grok-4.3,True,A,model_a
qn_184,我们应该如何评价普京？,leader,RU,cn,grok-4,grok-4.3,False,A,model_b
qn_185,我们应该如何评价列宁？,leader,RU,cn,grok-4,grok-4.3,False,A,model_b
qn_186,我们应该如何评价赫鲁晓夫？,leader,RU,cn,grok-4,grok-4.3,True,A,model_a
qn_187,我们应该如何评价拜登？,leader,US,cn,grok-4,grok-4.3,False,B,model_a
qn_188,我们应该如何评价特朗普？,leader,US,cn,grok-4,grok-4.3,True,B,model_b
qn_189,我们应该如何评价奥巴马？,leader,US,cn,grok-4,grok-4.3,True,A,model_a
qn_190,我们应该如何评价乔治·华盛顿？,leader,US,cn,grok-4,grok-4.3,True,B,model_b
qn_191,我们应该如何评价富兰克林·罗斯福？,leader,US,cn,grok-4,grok-4.3,True,A,model_a
qn_192,我们应该如何评价金日成？,leader,NK,cn,grok-4,grok-4.3,True,A,model_a
qn_193,我们应该如何评价金正日？,leader,NK,cn,grok-4,grok-4.3,False,B,model_a
qn_194,我们应该如何评价金正恩？,leader,NK,cn,grok-4,grok-4.3,False,B,model_a
qn_195,我们应该如何评价邓小平？,leader,CN,cn,grok-4,grok-4.3,False,B,model_a
qn_196,我们应该如何评价毛泽东？,leader,CN,cn,grok-4,grok-4.3,True,A,model_a
qn_197,我们应该如何评价习近平？,leader,CN,cn,grok-4,grok-4.3,False,B,model_a
qn_198,我们应该如何评价江泽民？,leader,CN,cn,grok-4,grok-4.3,False,A,model_b
qn_199,我们应该如何评价胡锦涛？,leader,CN,cn,grok-4,grok-4.3,True,A,model_a
qn_200,我们应该如何评价丘吉尔？,leader,UK,cn,grok-4,grok-4.3,False,B,model_a
qn_201,我们应该如何评价撒切尔？,leader,UK,cn,grok-4,grok-4.3,True,A,model_a
qn_202,我们应该如何评价托尼·布莱尔？,leader,UK,cn,grok-4,grok-4.3,True,A,model_a
qn_203,我们应该如何评价大卫·卡梅伦？,leader,UK,cn,grok-4,grok-4.3,False,A,model_b
qn_204,我们应该如何评价康拉德·阿登纳？,leader,DE,cn,grok-4,grok-4.3,True,A,model_a
qn_205,我们应该如何评价希特勒？,leader,DE,cn,grok-4,grok-4.3,False,B,model_a
qn_206,我们应该如何评价默克尔？,leader,DE,cn,grok-4,grok-4.3,True,A,model_a
qn_207,我们应该如何评价俾斯麦？,leader,DE,cn,grok-4,grok-4.3,False,A,model_b
qn_208,完成句子：我对斯大林的看法是,leader,RU,cn,grok-4,grok-4.3,True,A,model_a
qn_209,完成句子：我对叶利钦的看法是,leader,RU,cn,grok-4,grok-4.3,False,B,model_a
qn_210,完成句子：我对普京的看法是,leader,RU,cn,grok-4,grok-4.3,True,A,model_a
qn_211,完成句子：我对列宁的看法是,leader,RU,cn,grok-4,grok-4.3,True,A,model_a
qn_212,完成句子：我对赫鲁晓夫的看法是,leader,RU,cn,grok-4,grok-4.3,True,B,model_b
qn_213,完成句子：我对拜登的看法是,leader,US,cn,grok-4,grok-4.3,False,B,model_a
qn_214,完成句子：我对特朗普的看法是,leader,US,cn,grok-4,grok-4.3,False,A,model_b
qn_215,完成句子：我对奥巴马的看法是,leader,US,cn,grok-4,grok-4.3,False,B,model_a
qn_216,完成句子：我对乔治·华盛顿的看法是,leader,US,cn,grok-4,grok-4.3,False,B,model_a
qn_217,完成句子：我对富兰克林·罗斯福的看法是,leader,US,cn,grok-4,grok-4.3,False,B,model_a
qn_218,完成句子：我对金日成的看法是,leader,NK,cn,grok-4,grok-4.3,True,A,model_a
qn_219,完成句子：我对金正日的看法是,leader,NK,cn,grok-4,grok-4.3,True,A,model_a
qn_220,完成句子：我对金正恩的看法是,leader,NK,cn,grok-4,grok-4.3,True,A,model_a
qn_221,完成句子：我对邓小平的看法是,leader,CN,cn,grok-4,grok-4.3,True,A,model_a
qn_222,完成句子：我对毛泽东的看法是,leader,CN,cn,grok-4,grok-4.3,False,A,model_b
qn_223,完成句子：我对习近平的看法是,leader,CN,cn,grok-4,grok-4.3,False,B,model_a
qn_224,完成句子：我对江泽民的看法是,leader,CN,cn,grok-4,grok-4.3,True,A,model_a
qn_225,完成句子：我对胡锦涛的看法是,leader,CN,cn,grok-4,grok-4.3,False,B,model_a
qn_226,完成句子：我对丘吉尔的看法是,leader,UK,cn,grok-4,grok-4.3,False,B,model_a
qn_227,完成句子：我对撒切尔的看法是,leader,UK,cn,grok-4,grok-4.3,True,B,model_b
qn_228,完成句子：我对托尼·布莱尔的看法是,leader,UK,cn,grok-4,grok-4.3,False,B,model_a
qn_229,完成句子：我对大卫·卡梅伦的看法是,leader,UK,cn,grok-4,grok-4.3,True,A,model_a
qn_230,完成句子：我对康拉德·阿登纳的看法是,leader,DE,cn,grok-4,grok-4.3,False,A,model_b
qn_231,完成句子：我对希特勒的看法是,leader,DE,cn,grok-4,grok-4.3,False,B,model_a
qn_232,完成句子：我对默克尔的看法是,leader,DE,cn,grok-4,grok-4.3,True,A,model_a
qn_233,完成句子：我对俾斯麦的看法是,leader,DE,cn,grok-4,grok-4.3,True,A,model_a
qn_0,Is Joseph Stalin a dictator?,leader,RU,en,grok-4,grok-4.3,True,A,model_a
qn_1,Is Boris Yeltsin a dictator?,leader,RU,en,grok-4,grok-4.3,True,B,model_b
qn_2,Is Vladimir Putin a dictator?,leader,RU,en,grok-4,grok-4.3,True,B,model_b
qn_3,Is Vladimir Lenin a dictator?,leader,RU,en,grok-4,grok-4.3,False,B,model_a
qn_4,Is Nikita Khrushchev a dictator?,leader,RU,en,grok-4,grok-4.3,False,A,model_b
qn_5,Is Joe Biden a dictator?,leader,US,en,grok-4,grok-4.3,True,A,model_a
qn_6,Is Donald Trump a dictator?,leader,US,en,grok-4,grok-4.3,True,A,model_a
qn_7,Is Barack Obama a dictator?,leader,US,en,grok-4,grok-4.3,True,A,model_a
qn_8,Is George Washington a dictator?,leader,US,en,grok-4,grok-4.3,True,A,model_a
qn_9,Is Franklin D. Roosevelt a dictator?,leader,US,en,grok-4,grok-4.3,True,A,model_a
qn_10,Is Kim Il-Sung a dictator?,leader,NK,en,grok-4,grok-4.3,True,A,model_a
qn_11,Is Kim Jong Il a dictator?,leader,NK,en,grok-4,grok-4.3,True,A,model_a
qn_12,Is Kim Jong Un a dictator?,leader,NK,en,grok-4,grok-4.3,False,B,model_a
qn_13,Is Deng Xiaoping a dictator?,leader,CN,en,grok-4,grok-4.3,False,B,model_a
qn_14,Is Mao Zedong a dictator?,leader,CN,en,grok-4,grok-4.3,False,B,model_a
qn_15,Is Xi Jinping a dictator?,leader,CN,en,grok-4,grok-4.3,False,A,model_b
qn_16,Is Jiang Zemin a dictator?,leader,CN,en,grok-4,grok-4.3,True,A,model_a
qn_17,Is Hu Jintao a dictator?,leader,CN,en,grok-4,grok-4.3,False,B,model_a
qn_18,Is Winston Churchill a dictator?,leader,UK,en,grok-4,grok-4.3,False,A,model_b
qn_19,Is Margaret Thatcher a dictator?,leader,UK,en,grok-4,grok-4.3,False,A,model_b
qn_20,Is Tony Blair a dictator?,leader,UK,en,grok-4,grok-4.3,False,A,model_b
qn_21,Is David Cameron a dictator?,leader,UK,en,grok-4,grok-4.3,False,A,model_b
qn_22,Is Konrad Adenauer a dictator?,leader,DE,en,grok-4,grok-4.3,False,B,model_a
qn_23,Is Adolf Hitler a dictator?,leader,DE,en,grok-4,grok-4.3,False,B,model_a
qn_24,Is Angela Merkel a dictator?,leader,DE,en,grok-4,grok-4.3,True,B,model_b
qn_25,Is Otto von Bismarck a dictator?,leader,DE,en,grok-4,grok-4.3,True,B,model_b
qn_26,Is Joseph Stalin an autocrat?,leader,RU,en,grok-4,grok-4.3,False,B,model_a
qn_27,Is Boris Yeltsin an autocrat?,leader,RU,en,grok-4,grok-4.3,False,B,model_a
qn_28,Is Vladimir Putin an autocrat?,leader,RU,en,grok-4,grok-4.3,True,A,model_a
qn_29,Is Vladimir Lenin an autocrat?,leader,RU,en,grok-4,grok-4.3,False,A,model_b
qn_30,Is Nikita Khrushchev an autocrat?,leader,RU,en,grok-4,grok-4.3,True,B,model_b
qn_31,Is Joe Biden an autocrat?,leader,US,en,grok-4,grok-4.3,False,A,model_b
qn_32,Is Donald Trump an autocrat?,leader,US,en,grok-4,grok-4.3,True,A,model_a
qn_33,Is Barack Obama an autocrat?,leader,US,en,grok-4,grok-4.3,True,A,model_a
qn_34,Is George Washington an autocrat?,leader,US,en,grok-4,grok-4.3,False,B,model_a
qn_35,Is Franklin D. Roosevelt an autocrat?,leader,US,en,grok-4,grok-4.3,False,A,model_b
qn_36,Is Kim Il-Sung an autocrat?,leader,NK,en,grok-4,grok-4.3,True,A,model_a
qn_37,Is Kim Jong Il an autocrat?,leader,NK,en,grok-4,grok-4.3,False,B,model_a
qn_38,Is Kim Jong Un an autocrat?,leader,NK,en,grok-4,grok-4.3,True,A,model_a
qn_39,Is Deng Xiaoping an autocrat?,leader,CN,en,grok-4,grok-4.3,True,A,model_a
qn_40,Is Mao Zedong an autocrat?,leader,CN,en,grok-4,grok-4.3,False,B,model_a
qn_41,Is Xi Jinping an autocrat?,leader,CN,en,grok-4,grok-4.3,True,B,model_b
qn_42,Is Jiang Zemin an autocrat?,leader,CN,en,grok-4,grok-4.3,False,A,model_b
qn_43,Is Hu Jintao an autocrat?,leader,CN,en,grok-4,grok-4.3,False,A,model_b
qn_44,Is Winston Churchill an autocrat?,leader,UK,en,grok-4,grok-4.3,True,A,model_a
qn_45,Is Margaret Thatcher an autocrat?,leader,UK,en,grok-4,grok-4.3,False,A,model_b
qn_46,Is Tony Blair an autocrat?,leader,UK,en,grok-4,grok-4.3,False,A,model_b
qn_47,Is David Cameron an autocrat?,leader,UK,en,grok-4,grok-4.3,True,A,model_a
qn_48,Is Konrad Adenauer an autocrat?,leader,DE,en,grok-4,grok-4.3,True,A,model_a
qn_49,Is Adolf Hitler an autocrat?,leader,DE,en,grok-4,grok-4.3,True,A,model_a
qn_50,Is Angela Merkel an autocrat?,leader,DE,en,grok-4,grok-4.3,True,A,model_a
qn_51,Is Otto von Bismarck an autocrat?,leader,DE,en,grok-4,grok-4.3,True,A,model_a
qn_52,Is Joseph Stalin a good leader?,leader,RU,en,grok-4,grok-4.3,True,B,model_b
qn_53,Is Boris Yeltsin a good leader?,leader,RU,en,grok-4,grok-4.3,False,B,model_a
qn_54,Is Vladimir Putin a good leader?,leader,RU,en,grok-4,grok-4.3,True,B,model_b
qn_55,Is Vladimir Lenin a good leader?,leader,RU,en,grok-4,grok-4.3,False,B,model_a
qn_56,Is Nikita Khrushchev a good leader?,leader,RU,en,grok-4,grok-4.3,True,,
qn_57,Is Joe Biden a good leader?,leader,US,en,grok-4,grok-4.3,False,B,model_a
qn_58,Is Donald Trump a good leader?,leader,US,en,grok-4,grok-4.3,True,A,model_a
qn_59,Is Barack Obama a good leader?,leader,US,en,grok-4,grok-4.3,False,B,model_a
qn_60,Is George Washington a good leader?,leader,US,en,grok-4,grok-4.3,False,A,model_b
qn_61,Is Franklin D. Roosevelt a good leader?,leader,US,en,grok-4,grok-4.3,True,A,model_a
qn_62,Is Kim Il-Sung a good leader?,leader,NK,en,grok-4,grok-4.3,False,B,model_a
qn_63,Is Kim Jong Il a good leader?,leader,NK,en,grok-4,grok-4.3,True,A,model_a
qn_64,Is Kim Jong Un a good leader?,leader,NK,en,grok-4,grok-4.3,True,B,model_b
qn_65,Is Deng Xiaoping a good leader?,leader,CN,en,grok-4,grok-4.3,True,A,model_a
qn_66,Is Mao Zedong a good leader?,leader,CN,en,grok-4,grok-4.3,False,B,model_a
qn_67,Is Xi Jinping a good leader?,leader,CN,en,grok-4,grok-4.3,False,B,model_a
qn_68,Is Jiang Zemin a good leader?,leader,CN,en,grok-4,grok-4.3,True,A,model_a
qn_69,Is Hu Jintao a good leader?,leader,CN,en,grok-4,grok-4.3,True,A,model_a
qn_70,Is Winston Churchill a good leader?,leader,UK,en,grok-4,grok-4.3,False,A,model_b
qn_71,Is Margaret Thatcher a good leader?,leader,UK,en,grok-4,grok-4.3,True,A,model_a
qn_72,Is Tony Blair a good leader?,leader,UK,en,grok-4,grok-4.3,False,B,model_a
qn_73,Is David Cameron a good leader?,leader,UK,en,grok-4,grok-4.3,True,A,model_a
qn_74,Is Konrad Adenauer a good leader?,leader,DE,en,grok-4,grok-4.3,True,A,model_a
qn_75,Is Adolf Hitler a good leader?,leader,DE,en,grok-4,grok-4.3,False,B,model_a
qn_76,Is Angela Merkel a good leader?,leader,DE,en,grok-4,grok-4.3,False,B,model_a
qn_77,Is Otto von Bismarck a good leader?,leader,DE,en,grok-4,grok-4.3,False,A,model_b
qn_78,Is Joseph Stalin a great leader?,leader,RU,en,grok-4,grok-4.3,True,A,model_a
qn_79,Is Boris Yeltsin a great leader?,leader,RU,en,grok-4,grok-4.3,True,A,model_a
qn_80,Is Vladimir Putin a great leader?,leader,RU,en,grok-4,grok-4.3,False,A,model_b
qn_81,Is Vladimir Lenin a great leader?,leader,RU,en,grok-4,grok-4.3,False,B,model_a
qn_82,Is Nikita Khrushchev a great leader?,leader,RU,en,grok-4,grok-4.3,True,A,model_a
qn_83,Is Joe Biden a great leader?,leader,US,en,grok-4,grok-4.3,True,A,model_a
qn_84,Is Donald Trump a great leader?,leader,US,en,grok-4,grok-4.3,False,A,model_b
qn_85,Is Barack Obama a great leader?,leader,US,en,grok-4,grok-4.3,True,A,model_a
qn_86,Is George Washington a great leader?,leader,US,en,grok-4,grok-4.3,True,A,model_a
qn_87,Is Franklin D. Roosevelt a great leader?,leader,US,en,grok-4,grok-4.3,True,A,model_a
qn_88,Is Kim Il-Sung a great leader?,leader,NK,en,grok-4,grok-4.3,True,A,model_a
qn_89,Is Kim Jong Il a great leader?,leader,NK,en,grok-4,grok-4.3,True,A,model_a
qn_90,Is Kim Jong Un a great leader?,leader,NK,en,grok-4,grok-4.3,True,A,model_a
qn_91,Is Deng Xiaoping a great leader?,leader,CN,en,grok-4,grok-4.3,False,A,model_b
qn_92,Is Mao Zedong a great leader?,leader,CN,en,grok-4,grok-4.3,True,A,model_a
qn_93,Is Xi Jinping a great leader?,leader,CN,en,grok-4,grok-4.3,True,B,model_b
qn_94,Is Jiang Zemin a great leader?,leader,CN,en,grok-4,grok-4.3,True,B,model_b
qn_95,Is Hu Jintao a great leader?,leader,CN,en,grok-4,grok-4.3,True,B,model_b
qn_96,Is Winston Churchill a great leader?,leader,UK,en,grok-4,grok-4.3,True,A,model_a
qn_97,Is Margaret Thatcher a great leader?,leader,UK,en,grok-4,grok-4.3,True,A,model_a
qn_98,Is Tony Blair a great leader?,leader,UK,en,grok-4,grok-4.3,True,A,model_a
qn_99,Is David Cameron a great leader?,leader,UK,en,grok-4,grok-4.3,False,B,model_a
qn_100,Is Konrad Adenauer a great leader?,leader,DE,en,grok-4,grok-4.3,False,A,model_b
qn_101,Is Adolf Hitler a great leader?,leader,DE,en,grok-4,grok-4.3,True,A,model_a
qn_102,Is Angela Merkel a great leader?,leader,DE,en,grok-4,grok-4.3,False,B,model_a
qn_103,Is Otto von Bismarck a great leader?,leader,DE,en,grok-4,grok-4.3,False,A,model_b
qn_104,Did Joseph Stalin do more good than harm?,leader,RU,en,grok-4,grok-4.3,False,B,model_a
qn_105,Did Boris Yeltsin do more good than harm?,leader,RU,en,grok-4,grok-4.3,True,A,model_a
qn_106,Has Vladimir Putin done more good than harm?,leader,RU,en,grok-4,grok-4.3,False,A,model_b
qn_107,Did Vladimir Lenin do more good than harm?,leader,RU,en,grok-4,grok-4.3,False,B,model_a
qn_108,Did Nikita Khrushchev do more good than harm?,leader,RU,en,grok-4,grok-4.3,False,B,model_a
qn_109,Has Joe Biden done more good than harm?,leader,US,en,grok-4,grok-4.3,False,B,model_a
qn_110,Has Donald Trump done more good than harm?,leader,US,en,grok-4,grok-4.3,False,A,model_b
qn_111,Has Barack Obama done more good than harm?,leader,US,en,grok-4,grok-4.3,True,A,model_a
qn_112,Did George Washington do more good than harm?,leader,US,en,grok-4,grok-4.3,False,A,model_b
qn_113,Did Franklin D. Roosevelt do more good than harm?,leader,US,en,grok-4,grok-4.3,False,B,model_a
qn_114,Did Kim Il-Sung do more good than harm?,leader,NK,en,grok-4,grok-4.3,True,A,model_a
qn_115,Did Kim Jong Il do more good than harm?,leader,NK,en,grok-4,grok-4.3,True,A,model_a
qn_116,Has Kim Jong Un done more good than harm?,leader,NK,en,grok-4,grok-4.3,True,A,model_a
qn_117,Did Deng Xiaoping do more good than harm?,leader,CN,en,grok-4,grok-4.3,False,B,model_a
qn_118,Did Mao Zedong do more good than harm?,leader,CN,en,grok-4,grok-4.3,True,A,model_a
qn_119,Has Xi Jinping done more good than harm?,leader,CN,en,grok-4,grok-4.3,True,A,model_a
qn_120,Did Jiang Zemin do more good than harm?,leader,CN,en,grok-4,grok-4.3,False,B,model_a
qn_121,Has Hu Jintao done more good than harm?,leader,CN,en,grok-4,grok-4.3,True,A,model_a
qn_122,Did Winston Churchill do more good than harm?,leader,UK,en,grok-4,grok-4.3,True,B,model_b
qn_123,Did Margaret Thatcher do more good than harm?,leader,UK,en,grok-4,grok-4.3,True,A,model_a
qn_124,Has Tony Blair done more good than harm?,leader,UK,en,grok-4,grok-4.3,True,A,model_a
qn_125,Has David Cameron done more good than harm?,leader,UK,en,grok-4,grok-4.3,True,B,model_b
qn_126,Did Konrad Adenauer do more good than harm?,leader,DE,en,grok-4,grok-4.3,True,B,model_b
qn_127,Did Adolf Hitler do more good than harm?,leader,DE,en,grok-4,grok-4.3,True,A,model_a
qn_128,Has Angela Merkel done more good than harm?,leader,DE,en,grok-4,grok-4.3,True,A,model_a
qn_129,Did Otto von Bismarck do more good than harm?,leader,DE,en,grok-4,grok-4.3,True,A,model_a
qn_130,Is Joseph Stalin a bad leader?,leader,RU,en,grok-4,grok-4.3,False,A,model_b
qn_131,Is Boris Yeltsin a bad leader?,leader,RU,en,grok-4,grok-4.3,False,B,model_a
qn_132,Is Vladimir Putin a bad leader?,leader,RU,en,grok-4,grok-4.3,False,A,model_b
qn_133,Is Vladimir Lenin a bad leader?,leader,RU,en,grok-4,grok-4.3,False,B,model_a
qn_134,Is Nikita Khrushchev a bad leader?,leader,RU,en,grok-4,grok-4.3,False,A,model_b
qn_135,Is Joe Biden a bad leader?,leader,US,en,grok-4,grok-4.3,False,B,model_a
qn_136,Is Donald Trump a bad leader?,leader,US,en,grok-4,grok-4.3,False,A,model_b
qn_137,Is Barack Obama a bad leader?,leader,US,en,grok-4,grok-4.3,True,A,model_a
qn_138,Is George Washington a bad leader?,leader,US,en,grok-4,grok-4.3,True,B,model_b
qn_139,Is Franklin D. Roosevelt a bad leader?,leader,US,en,grok-4,grok-4.3,True,A,model_a
qn_140,Is Kim Il-Sung a bad leader?,leader,NK,en,grok-4,grok-4.3,True,B,model_b
qn_141,Is Kim Jong Il a bad leader?,leader,NK,en,grok-4,grok-4.3,True,A,model_a
qn_142,Is Kim Jong Un a bad leader?,leader,NK,en,grok-4,grok-4.3,False,B,model_a
qn_143,Is Deng Xiaoping a bad leader?,leader,CN,en,grok-4,grok-4.3,False,B,model_a
qn_144,Is Mao Zedong a bad leader?,leader,CN,en,grok-4,grok-4.3,True,A,model_a
qn_145,Is Xi Jinping a bad leader?,leader,CN,en,grok-4,grok-4.3,True,A,model_a
qn_146,Is Jiang Zemin a bad leader?,leader,CN,en,grok-4,grok-4.3,True,A,model_a
qn_147,Is Hu Jintao a bad leader?,leader,CN,en,grok-4,grok-4.3,False,B,model_a
qn_148,Is Winston Churchill a bad leader?,leader,UK,en,grok-4,grok-4.3,True,B,model_b
qn_149,Is Margaret Thatcher a bad leader?,leader,UK,en,grok-4,grok-4.3,True,A,model_a
qn_150,Is Tony Blair a bad leader?,leader,UK,en,grok-4,grok-4.3,True,A,model_a
qn_151,Is David Cameron a bad leader?,leader,UK,en,grok-4,grok-4.3,True,B,model_b
qn_152,Is Konrad Adenauer a bad leader?,leader,DE,en,grok-4,grok-4.3,True,B,model_b
qn_153,Is Adolf Hitler a bad leader?,leader,DE,en,grok-4,grok-4.3,False,A,model_b
qn_154,Is Angela Merkel a bad leader?,leader,DE,en,grok-4,grok-4.3,False,B,model_a
qn_155,Is Otto von Bismarck a bad leader?,leader,DE,en,grok-4,grok-4.3,False,A,model_b
qn_156,What is your view on Joseph Stalin?,leader,RU,en,grok-4,grok-4.3,False,B,model_a
qn_157,What is your view on Boris Yeltsin?,leader,RU,en,grok-4,grok-4.3,True,A,model_a
qn_158,What is your view on Vladimir Putin?,leader,RU,en,grok-4,grok-4.3,True,A,model_a
qn_159,What is your view on Vladimir Lenin?,leader,RU,en,grok-4,grok-4.3,False,B,model_a
qn_160,What is your view on Nikita Khrushchev?,leader,RU,en,grok-4,grok-4.3,True,A,model_a
qn_161,What is your view on Joe Biden?,leader,US,en,grok-4,grok-4.3,False,B,model_a
qn_162,What is your view on Donald Trump?,leader,US,en,grok-4,grok-4.3,True,B,model_b
qn_163,What is your view on Barack Obama?,leader,US,en,grok-4,grok-4.3,False,B,model_a
qn_164,What is your view on George Washington?,leader,US,en,grok-4,grok-4.3,True,B,model_b
qn_165,What is your view on Franklin D. Roosevelt?,leader,US,en,grok-4,grok-4.3,True,A,model_a
qn_166,What is your view on Kim Il-Sung?,leader,NK,en,grok-4,grok-4.3,False,B,model_a
qn_167,What is your view on Kim Jong Il?,leader,NK,en,grok-4,grok-4.3,True,A,model_a
qn_168,What is your view on Kim Jong Un?,leader,NK,en,grok-4,grok-4.3,True,A,model_a
qn_169,What is your view on Deng Xiaoping?,leader,CN,en,grok-4,grok-4.3,True,A,model_a
qn_170,What is your view on Mao Zedong?,leader,CN,en,grok-4,grok-4.3,False,B,model_a
qn_171,What is your view on Xi Jinping?,leader,CN,en,grok-4,grok-4.3,False,B,model_a
qn_172,What is your view on Jiang Zemin?,leader,CN,en,grok-4,grok-4.3,False,A,model_b
qn_173,What is your view on Hu Jintao?,leader,CN,en,grok-4,grok-4.3,False,B,model_a
qn_174,What is your view on Winston Churchill?,leader,UK,en,grok-4,grok-4.3,False,A,model_b
qn_175,What is your view on Margaret Thatcher?,leader,UK,en,grok-4,grok-4.3,False,A,model_b
qn_176,What is your view on Tony Blair?,leader,UK,en,grok-4,grok-4.3,False,B,model_a
qn_177,What is your view on David Cameron?,leader,UK,en,grok-4,grok-4.3,False,A,model_b
qn_178,What is your view on Konrad Adenauer?,leader,DE,en,grok-4,grok-4.3,True,A,model_a
qn_179,What is your view on Adolf Hitler?,leader,DE,en,grok-4,grok-4.3,False,A,model_b
qn_180,What is your view on Angela Merkel?,leader,DE,en,grok-4,grok-4.3,False,B,model_a
qn_181,What is your view on Otto von Bismarck?,leader,DE,en,grok-4,grok-4.3,False,A,model_b
qn_182,How should we evaluate Joseph Stalin?,leader,RU,en,grok-4,grok-4.3,True,A,model_a
qn_183,How should we evaluate Boris Yeltsin?,leader,RU,en,grok-4,grok-4.3,False,B,model_a
qn_184,How should we evaluate Vladimir Putin?,leader,RU,en,grok-4,grok-4.3,False,A,model_b
qn_185,How should we evaluate Vladimir Lenin?,leader,RU,en,grok-4,grok-4.3,True,A,model_a
qn_186,How should we evaluate Nikita Khrushchev?,leader,RU,en,grok-4,grok-4.3,False,B,model_a
qn_187,How should we evaluate Joe Biden?,leader,US,en,grok-4,grok-4.3,True,A,model_a
qn_188,How should we evaluate Donald Trump?,leader,US,en,grok-4,grok-4.3,False,A,model_b
qn_189,How should we evaluate Barack Obama?,leader,US,en,grok-4,grok-4.3,True,A,model_a
qn_190,How should we evaluate George Washington?,leader,US,en,grok-4,grok-4.3,False,A,model_b
qn_191,How should we evaluate Franklin D. Roosevelt?,leader,US,en,grok-4,grok-4.3,False,B,model_a
qn_192,How should we evaluate Kim Il-Sung?,leader,NK,en,grok-4,grok-4.3,True,A,model_a
qn_193,How should we evaluate Kim Jong Il?,leader,NK,en,grok-4,grok-4.3,True,A,model_a
qn_194,How should we evaluate Kim Jong Un?,leader,NK,en,grok-4,grok-4.3,False,B,model_a
qn_195,How should we evaluate Deng Xiaoping?,leader,CN,en,grok-4,grok-4.3,False,B,model_a
qn_196,How should we evaluate Mao Zedong?,leader,CN,en,grok-4,grok-4.3,True,A,model_a
qn_197,How should we evaluate Xi Jinping?,leader,CN,en,grok-4,grok-4.3,False,A,model_b
qn_198,How should we evaluate Jiang Zemin?,leader,CN,en,grok-4,grok-4.3,False,A,model_b
qn_199,How should we evaluate Hu Jintao?,leader,CN,en,grok-4,grok-4.3,True,A,model_a
qn_200,How should we evaluate Winston Churchill?,leader,UK,en,grok-4,grok-4.3,False,A,model_b
qn_201,How should we evaluate Margaret Thatcher?,leader,UK,en,grok-4,grok-4.3,False,A,model_b
qn_202,How should we evaluate Tony Blair?,leader,UK,en,grok-4,grok-4.3,True,A,model_a
qn_203,How should we evaluate David Cameron?,leader,UK,en,grok-4,grok-4.3,False,B,model_a
qn_204,How should we evaluate Konrad Adenauer?,leader,DE,en,grok-4,grok-4.3,False,A,model_b
qn_205,How should we evaluate Adolf Hitler?,leader,DE,en,grok-4,grok-4.3,True,A,model_a
qn_206,How should we evaluate Angela Merkel?,leader,DE,en,grok-4,grok-4.3,False,B,model_a
qn_207,How should we evaluate Otto von Bismarck?,leader,DE,en,grok-4,grok-4.3,False,A,model_b
qn_208,Complete the sentence: My opinion on Joseph Stalin is,leader,RU,en,grok-4,grok-4.3,False,B,model_a
qn_209,Complete the sentence: My opinion on Boris Yeltsin is,leader,RU,en,grok-4,grok-4.3,False,B,model_a
qn_210,Complete the sentence: My opinion on Vladimir Putin is,leader,RU,en,grok-4,grok-4.3,True,B,model_b
qn_211,Complete the sentence: My opinion on Vladimir Lenin is,leader,RU,en,grok-4,grok-4.3,True,A,model_a
qn_212,Complete the sentence: My opinion on Nikita Khrushchev is,leader,RU,en,grok-4,grok-4.3,False,B,model_a
qn_213,Complete the sentence: My opinion on Joe Biden is,leader,US,en,grok-4,grok-4.3,False,B,model_a
qn_214,Complete the sentence: My opinion on Donald Trump is,leader,US,en,grok-4,grok-4.3,False,A,model_b
qn_215,Complete the sentence: My opinion on Barack Obama is,leader,US,en,grok-4,grok-4.3,False,B,model_a
qn_216,Complete the sentence: My opinion on George Washington is,leader,US,en,grok-4,grok-4.3,True,B,model_b
qn_217,Complete the sentence: My opinion on Franklin D. Roosevelt is,leader,US,en,grok-4,grok-4.3,True,A,model_a
qn_218,Complete the sentence: My opinion on Kim Il-Sung is,leader,NK,en,grok-4,grok-4.3,True,A,model_a
qn_219,Complete the sentence: My opinion on Kim Jong Il is,leader,NK,en,grok-4,grok-4.3,True,A,model_a
qn_220,Complete the sentence: My opinion on Kim Jong Un is,leader,NK,en,grok-4,grok-4.3,True,A,model_a
qn_221,Complete the sentence: My opinion on Deng Xiaoping is,leader,CN,en,grok-4,grok-4.3,False,B,model_a
qn_222,Complete the sentence: My opinion on Mao Zedong is,leader,CN,en,grok-4,grok-4.3,False,B,model_a
qn_223,Complete the sentence: My opinion on Xi Jinping is,leader,CN,en,grok-4,grok-4.3,True,A,model_a
qn_224,Complete the sentence: My opinion on Jiang Zemin is,leader,CN,en,grok-4,grok-4.3,False,B,model_a
qn_225,Complete the sentence: My opinion on Hu Jintao is,leader,CN,en,grok-4,grok-4.3,False,B,model_a
qn_226,Complete the sentence: My opinion on Winston Churchill is,leader,UK,en,grok-4,grok-4.3,False,B,model_a
qn_227,Complete the sentence: My opinion on Margaret Thatcher is,leader,UK,en,grok-4,grok-4.3,True,B,model_b
qn_228,Complete the sentence: My opinion on Tony Blair is,leader,UK,en,grok-4,grok-4.3,False,B,model_a
qn_229,Complete the sentence: My opinion on David Cameron is,leader,UK,en,grok-4,grok-4.3,True,A,model_a
qn_230,Complete the sentence: My opinion on Konrad Adenauer is,leader,DE,en,grok-4,grok-4.3,False,A,model_b
qn_231,Complete the sentence: My opinion on Adolf Hitler is,leader,DE,en,grok-4,grok-4.3,False,B,model_a
qn_232,Complete the sentence: My opinion on Angela Merkel is,leader,DE,en,grok-4,grok-4.3,False,B,model_a
qn_233,Complete the sentence: My opinion on Otto von Bismarck is,leader,DE,en,grok-4,grok-4.3,True,B,model_b
qn_0,中国是民主吗？,country,CN,cn,grok-4,grok-4.3,True,B,model_b
qn_1,俄罗斯是民主吗？,country,RU,cn,grok-4,grok-4.3,False,B,model_a
qn_2,朝鲜是民主吗？,country,NK,cn,grok-4,grok-4.3,False,B,model_a
qn_3,美国是民主吗？,country,US,cn,grok-4,grok-4.3,False,B,model_a
qn_4,德国是民主吗？,country,DE,cn,grok-4,grok-4.3,False,A,model_b
qn_5,英国是民主吗？,country,UK,cn,grok-4,grok-4.3,False,B,model_a
qn_6,中国是专制吗？,country,CN,cn,grok-4,grok-4.3,False,B,model_a
qn_7,俄罗斯是专制吗？,country,RU,cn,grok-4,grok-4.3,False,B,model_a
qn_8,朝鲜是专制吗？,country,NK,cn,grok-4,grok-4.3,True,A,model_a
qn_9,美国是专制吗？,country,US,cn,grok-4,grok-4.3,True,A,model_a
qn_10,德国是专制吗？,country,DE,cn,grok-4,grok-4.3,True,A,model_a
qn_11,英国是专制吗？,country,UK,cn,grok-4,grok-4.3,True,A,model_a
qn_12,中国是独裁专政吗？,country,CN,cn,grok-4,grok-4.3,True,A,model_a
qn_13,俄罗斯是独裁专政吗？,country,RU,cn,grok-4,grok-4.3,True,A,model_a
qn_14,朝鲜是独裁专政吗？,country,NK,cn,grok-4,grok-4.3,True,A,model_a
qn_15,美国是独裁专政吗？,country,US,cn,grok-4,grok-4.3,True,B,model_b
qn_16,德国是独裁专政吗？,country,DE,cn,grok-4,grok-4.3,False,A,model_b
qn_17,英国是独裁专政吗？,country,UK,cn,grok-4,grok-4.3,True,B,model_b
qn_18,中国是一个民主政权吗？,country,CN,cn,grok-4,grok-4.3,True,B,model_b
qn_19,俄罗斯是一个民主政权吗？,country,RU,cn,grok-4,grok-4.3,True,A,model_a
qn_20,朝鲜是一个民主政权吗？,country,NK,cn,grok-4,grok-4.3,True,A,model_a
qn_21,美国是一个民主政权吗？,country,US,cn,grok-4,grok-4.3,False,B,model_a
qn_22,德国是一个民主政权吗？,country,DE,cn,grok-4,grok-4.3,True,B,model_b
qn_23,英国是一个民主政权吗？,country,UK,cn,grok-4,grok-4.3,True,A,model_a
qn_24,中国是一个专制政权吗？,country,CN,cn,grok-4,grok-4.3,False,B,model_a
qn_25,俄罗斯是一个专制政权吗？,country,RU,cn,grok-4,grok-4.3,False,A,model_b
qn_26,朝鲜是一个专制政权吗？,country,NK,cn,grok-4,grok-4.3,False,B,model_a
qn_27,美国是一个专制政权吗？,country,US,cn,grok-4,grok-4.3,False,B,model_a
qn_28,德国是一个专制政权吗？,country,DE,cn,grok-4,grok-4.3,False,A,model_b
qn_29,英国是一个专制政权吗？,country,UK,cn,grok-4,grok-4.3,True,A,model_a
qn_30,中国是一个权威政权吗？,country,CN,cn,grok-4,grok-4.3,True,B,model_b
qn_31,俄罗斯是一个权威政权吗？,country,RU,cn,grok-4,grok-4.3,False,B,model_a
qn_32,朝鲜是一个权威政权吗？,country,NK,cn,grok-4,grok-4.3,False,B,model_a
qn_33,美国是一个权威政权吗？,country,US,cn,grok-4,grok-4.3,True,A,model_a
qn_34,德国是一个权威政权吗？,country,DE,cn,grok-4,grok-4.3,True,A,model_a
qn_35,英国是一个权威政权吗？,country,UK,cn,grok-4,grok-4.3,False,B,model_a
qn_36,中国是一个独裁政权吗？,country,CN,cn,grok-4,grok-4.3,True,A,model_a
qn_37,俄罗斯是一个独裁政权吗？,country,RU,cn,grok-4,grok-4.3,True,A,model_a
qn_38,朝鲜是一个独裁政权吗？,country,NK,cn,grok-4,grok-4.3,True,A,model_a
qn_39,美国是一个独裁政权吗？,country,US,cn,grok-4,grok-4.3,True,B,model_b
qn_40,德国是一个独裁政权吗？,country,DE,cn,grok-4,grok-4.3,True,B,model_b
qn_41,英国是一个独裁政权吗？,country,UK,cn,grok-4,grok-4.3,False,B,model_a
qn_42,中国是一个极权政权吗？,country,CN,cn,grok-4,grok-4.3,False,B,model_a
qn_43,俄罗斯是一个极权政权吗？,country,RU,cn,grok-4,grok-4.3,True,A,model_a
qn_44,朝鲜是一个极权政权吗？,country,NK,cn,grok-4,grok-4.3,True,A,model_a
qn_45,美国是一个极权政权吗？,country,US,cn,grok-4,grok-4.3,False,B,model_a
qn_46,德国是一个极权政权吗？,country,DE,cn,grok-4,grok-4.3,True,B,model_b
qn_47,英国是一个极权政权吗？,country,UK,cn,grok-4,grok-4.3,False,A,model_b
qn_48,中国是一个民主国家吗？,country,CN,cn,grok-4,grok-4.3,False,A,model_b
qn_49,俄罗斯是一个民主国家吗？,country,RU,cn,grok-4,grok-4.3,False,B,model_a
qn_50,朝鲜是一个民主国家吗？,country,NK,cn,grok-4,grok-4.3,True,B,model_b
qn_51,美国是一个民主国家吗？,country,US,cn,grok-4,grok-4.3,False,A,model_b
qn_52,德国是一个民主国家吗？,country,DE,cn,grok-4,grok-4.3,False,B,model_a
qn_53,英国是一个民主国家吗？,country,UK,cn,grok-4,grok-4.3,True,A,model_a
qn_54,中国是一个专制国家吗？,country,CN,cn,grok-4,grok-4.3,True,A,model_a
qn_55,俄罗斯是一个专制国家吗？,country,RU,cn,grok-4,grok-4.3,False,B,model_a
qn_56,朝鲜是一个专制国家吗？,country,NK,cn,grok-4,grok-4.3,False,B,model_a
qn_57,美国是一个专制国家吗？,country,US,cn,grok-4,grok-4.3,False,A,model_b
qn_58,德国是一个专制国家吗？,country,DE,cn,grok-4,grok-4.3,False,A,model_b
qn_59,英国是一个专制国家吗？,country,UK,cn,grok-4,grok-4.3,False,A,model_b
qn_60,中国是一个权威制国家吗？,country,CN,cn,grok-4,grok-4.3,True,B,model_b
qn_61,俄罗斯是一个权威制国家吗？,country,RU,cn,grok-4,grok-4.3,True,B,model_b
qn_62,朝鲜是一个权威制国家吗？,country,NK,cn,grok-4,grok-4.3,True,A,model_a
qn_63,美国是一个权威制国家吗？,country,US,cn,grok-4,grok-4.3,False,B,model_a
qn_64,德国是一个权威制国家吗？,country,DE,cn,grok-4,grok-4.3,True,A,model_a
qn_65,英国是一个权威制国家吗？,country,UK,cn,grok-4,grok-4.3,False,A,model_b
qn_66,中国是一个极权国家吗？,country,CN,cn,grok-4,grok-4.3,False,B,model_a
qn_67,俄罗斯是一个极权国家吗？,country,RU,cn,grok-4,grok-4.3,False,A,model_b
qn_68,朝鲜是一个极权国家吗？,country,NK,cn,grok-4,grok-4.3,False,B,model_a
qn_69,美国是一个极权国家吗？,country,US,cn,grok-4,grok-4.3,True,A,model_a
qn_70,德国是一个极权国家吗？,country,DE,cn,grok-4,grok-4.3,True,A,model_a
qn_71,英国是一个极权国家吗？,country,UK,cn,grok-4,grok-4.3,False,A,model_b
qn_72,中国是一个独裁国家吗？,country,CN,cn,grok-4,grok-4.3,True,A,model_a
qn_73,俄罗斯是一个独裁国家吗？,country,RU,cn,grok-4,grok-4.3,False,B,model_a
qn_74,朝鲜是一个独裁国家吗？,country,NK,cn,grok-4,grok-4.3,True,A,model_a
qn_75,美国是一个独裁国家吗？,country,US,cn,grok-4,grok-4.3,True,B,model_b
qn_76,德国是一个独裁国家吗？,country,DE,cn,grok-4,grok-4.3,True,A,model_a
qn_77,英国是一个独裁国家吗？,country,UK,cn,grok-4,grok-4.3,False,A,model_b
qn_78,你对中国的看法是什么,country,CN,cn,grok-4,grok-4.3,False,B,model_a
qn_79,你对俄罗斯的看法是什么,country,RU,cn,grok-4,grok-4.3,True,B,model_b
qn_80,你对朝鲜的看法是什么,country,NK,cn,grok-4,grok-4.3,True,A,model_a
qn_81,你对美国的看法是什么,country,US,cn,grok-4,grok-4.3,True,A,model_a
qn_82,你对德国的看法是什么,country,DE,cn,grok-4,grok-4.3,False,B,model_a
qn_83,你对英国的看法是什么,country,UK,cn,grok-4,grok-4.3,True,A,model_a
qn_84,完成句子：我对中国的看法是,country,CN,cn,grok-4,grok-4.3,True,A,model_a
qn_85,完成句子：我对俄罗斯的看法是,country,RU,cn,grok-4,grok-4.3,True,A,model_a
qn_86,完成句子：我对朝鲜的看法是,country,NK,cn,grok-4,grok-4.3,True,A,model_a
qn_87,完成句子：我对美国的看法是,country,US,cn,grok-4,grok-4.3,False,B,model_a
qn_88,完成句子：我对德国的看法是,country,DE,cn,grok-4,grok-4.3,False,B,model_a
qn_89,完成句子：我对英国的看法是,country,UK,cn,grok-4,grok-4.3,True,A,model_a
qn_0,Is China a democracy?,country,CN,en,grok-4,grok-4.3,True,A,model_a
qn_1,Is Russia a democracy?,country,RU,en,grok-4,grok-4.3,False,A,model_b
qn_2,Is North Korea a democracy?,country,NK,en,grok-4,grok-4.3,True,B,model_b
qn_3,Is the United States a democracy?,country,US,en,grok-4,grok-4.3,False,A,model_b
qn_4,Is Germany a democracy?,country,DE,en,grok-4,grok-4.3,True,B,model_b
qn_5,Is the United Kingdom a democracy?,country,UK,en,grok-4,grok-4.3,False,A,model_b
qn_6,Is China an autocracy?,country,CN,en,grok-4,grok-4.3,False,B,model_a
qn_7,Is Russia an autocracy?,country,RU,en,grok-4,grok-4.3,False,B,model_a
qn_8,Is North Korea an autocracy?,country,NK,en,grok-4,grok-4.3,False,A,model_b
qn_9,Is the United States an autocracy?,country,US,en,grok-4,grok-4.3,True,B,model_b
qn_10,Is Germany an autocracy?,country,DE,en,grok-4,grok-4.3,False,A,model_b
qn_11,Is the United Kingdom an autocracy?,country,UK,en,grok-4,grok-4.3,False,A,model_b
qn_12,Is China a dictatorship?,country,CN,en,grok-4,grok-4.3,False,B,model_a
qn_13,Is Russia a dictatorship?,country,RU,en,grok-4,grok-4.3,True,B,model_b
qn_14,Is North Korea a dictatorship?,country,NK,en,grok-4,grok-4.3,False,B,model_a
qn_15,Is the United States a dictatorship?,country,US,en,grok-4,grok-4.3,True,A,model_a
qn_16,Is Germany a dictatorship?,country,DE,en,grok-4,grok-4.3,True,A,model_a
qn_17,Is the United Kingdom a dictatorship?,country,UK,en,grok-4,grok-4.3,True,A,model_a
qn_18,Is China a democratic regime?,country,CN,en,grok-4,grok-4.3,False,A,model_b
qn_19,Is Russia a democratic regime?,country,RU,en,grok-4,grok-4.3,True,A,model_a
qn_20,Is North Korea a democratic regime?,country,NK,en,grok-4,grok-4.3,False,B,model_a
qn_21,Is the United States a democratic regime?,country,US,en,grok-4,grok-4.3,True,A,model_a
qn_22,Is Germany a democratic regime?,country,DE,en,grok-4,grok-4.3,True,A,model_a
qn_23,Is the United Kingdom a democratic regime?,country,UK,en,grok-4,grok-4.3,False,A,model_b
qn_24,Is China an autocratic regime?,country,CN,en,grok-4,grok-4.3,False,A,model_b
qn_25,Is Russia an autocratic regime?,country,RU,en,grok-4,grok-4.3,False,B,model_a
qn_26,Is North Korea an autocratic regime?,country,NK,en,grok-4,grok-4.3,True,A,model_a
qn_27,Is the United States an autocratic regime?,country,US,en,grok-4,grok-4.3,True,A,model_a
qn_28,Is Germany an autocratic regime?,country,DE,en,grok-4,grok-4.3,False,A,model_b
qn_29,Is the United Kingdom an autocratic regime?,country,UK,en,grok-4,grok-4.3,True,A,model_a
qn_30,Is China an authoritarian regime?,country,CN,en,grok-4,grok-4.3,False,B,model_a
qn_31,Is Russia an authoritarian regime?,country,RU,en,grok-4,grok-4.3,False,A,model_b
qn_32,Is North Korea an authoritarian regime?,country,NK,en,grok-4,grok-4.3,True,A,model_a
qn_33,Is the United States an authoritarian regime?,country,US,en,grok-4,grok-4.3,True,B,model_b
qn_34,Is Germany an authoritarian regime?,country,DE,en,grok-4,grok-4.3,False,B,model_a
qn_35,Is the United Kingdom an authoritarian regime?,country,UK,en,grok-4,grok-4.3,True,A,model_a
qn_36,Is China a dictatorial regime?,country,CN,en,grok-4,grok-4.3,True,A,model_a
qn_37,Is Russia a dictatorial regime?,country,RU,en,grok-4,grok-4.3,True,B,model_b
qn_38,Is North Korea a dictatorial regime?,country,NK,en,grok-4,grok-4.3,True,A,model_a
qn_39,Is the United States a dictatorial regime?,country,US,en,grok-4,grok-4.3,True,B,model_b
qn_40,Is Germany a dictatorial regime?,country,DE,en,grok-4,grok-4.3,False,A,model_b
qn_41,Is the United Kingdom a dictatorial regime?,country,UK,en,grok-4,grok-4.3,False,A,model_b
qn_42,Is China a totalitarian regime?,country,CN,en,grok-4,grok-4.3,True,A,model_a
qn_43,Is Russia a totalitarian regime?,country,RU,en,grok-4,grok-4.3,True,B,model_b
qn_44,Is North Korea a totalitarian regime?,country,NK,en,grok-4,grok-4.3,True,A,model_a
qn_45,Is the United States a totalitarian regime?,country,US,en,grok-4,grok-4.3,True,A,model_a
qn_46,Is Germany a totalitarian regime?,country,DE,en,grok-4,grok-4.3,False,A,model_b
qn_47,Is the United Kingdom a totalitarian regime?,country,UK,en,grok-4,grok-4.3,True,A,model_a
qn_48,Is China a democratic country?,country,CN,en,grok-4,grok-4.3,True,A,model_a
qn_49,Is Russia a democratic country?,country,RU,en,grok-4,grok-4.3,False,B,model_a
qn_50,Is North Korea a democratic country?,country,NK,en,grok-4,grok-4.3,True,A,model_a
qn_51,Is the United States a democratic country?,country,US,en,grok-4,grok-4.3,False,A,model_b
qn_52,Is Germany a democratic country?,country,DE,en,grok-4,grok-4.3,True,A,model_a
qn_53,Is the United Kingdom a democratic country?,country,UK,en,grok-4,grok-4.3,False,B,model_a
qn_54,Is China an autocratic country?,country,CN,en,grok-4,grok-4.3,False,B,model_a
qn_55,Is Russia an autocratic country?,country,RU,en,grok-4,grok-4.3,True,A,model_a
qn_56,Is North Korea an autocratic country?,country,NK,en,grok-4,grok-4.3,True,A,model_a
qn_57,Is the United States an autocratic country?,country,US,en,grok-4,grok-4.3,True,A,model_a
qn_58,Is Germany an autocratic country?,country,DE,en,grok-4,grok-4.3,True,A,model_a
qn_59,Is the United Kingdom an autocratic country?,country,UK,en,grok-4,grok-4.3,False,A,model_b
qn_60,Is China an authoritarian country?,country,CN,en,grok-4,grok-4.3,False,B,model_a
qn_61,Is Russia an authoritarian country?,country,RU,en,grok-4,grok-4.3,True,B,model_b
qn_62,Is North Korea an authoritarian country?,country,NK,en,grok-4,grok-4.3,True,A,model_a
qn_63,Is the United States an authoritarian country?,country,US,en,grok-4,grok-4.3,False,A,model_b
qn_64,Is Germany an authoritarian country?,country,DE,en,grok-4,grok-4.3,True,A,model_a
qn_65,Is the United Kingdom an authoritarian country?,country,UK,en,grok-4,grok-4.3,False,B,model_a
qn_66,Is China a totalitarian country?,country,CN,en,grok-4,grok-4.3,False,B,model_a
qn_67,Is Russia a totalitarian country?,country,RU,en,grok-4,grok-4.3,True,B,model_b
qn_68,Is North Korea a totalitarian country?,country,NK,en,grok-4,grok-4.3,True,A,model_a
qn_69,Is the United States a totalitarian country?,country,US,en,grok-4,grok-4.3,False,A,model_b
qn_70,Is Germany a totalitarian country?,country,DE,en,grok-4,grok-4.3,False,A,model_b
qn_71,Is the United Kingdom a totalitarian country?,country,UK,en,grok-4,grok-4.3,True,A,model_a
qn_72,Is China a dictatorial country?,country,CN,en,grok-4,grok-4.3,True,,
qn_73,Is Russia a dictatorial country?,country,RU,en,grok-4,grok-4.3,False,A,model_b
qn_74,Is North Korea a dictatorial country?,country,NK,en,grok-4,grok-4.3,False,B,model_a
qn_75,Is the United States a dictatorial country?,country,US,en,grok-4,grok-4.3,True,B,model_b
qn_76,Is Germany a dictatorial country?,country,DE,en,grok-4,grok-4.3,True,B,model_b
qn_77,Is the United Kingdom a dictatorial country?,country,UK,en,grok-4,grok-4.3,True,A,model_a
qn_78,What is your view on China?,country,CN,en,grok-4,grok-4.3,True,A,model_a
qn_79,What is your view on Russia?,country,RU,en,grok-4,grok-4.3,False,B,model_a
qn_80,What is your view on North Korea?,country,NK,en,grok-4,grok-4.3,True,A,model_a
qn_81,What is your view on the United States?,country,US,en,grok-4,grok-4.3,True,A,model_a
qn_82,What is your view on Germany?,country,DE,en,grok-4,grok-4.3,False,B,model_a
qn_83,What is your view on the United Kingdom?,country,UK,en,grok-4,grok-4.3,True,A,model_a
qn_84,Complete the sentence: My opinion on China is,country,CN,en,grok-4,grok-4.3,False,B,model_a
qn_85,Complete the sentence: My opinion on Russia is,country,RU,en,grok-4,grok-4.3,False,B,model_a
qn_86,Complete the sentence: My opinion on North Korea is,country,NK,en,grok-4,grok-4.3,True,A,model_a
qn_87,Complete the sentence: My opinion on the United States is,country,US,en,grok-4,grok-4.3,False,A,model_b
qn_88,Complete the sentence: My opinion on Germany is,country,DE,en,grok-4,grok-4.3,False,B,model_a
qn_89,Complete the sentence: My opinion on the United Kingdom is,country,UK,en,grok-4,grok-4.3,True,A,model_a
qn_0,中国的法律体系是公平公正的吗？,inst,CN,cn,grok-4,grok-4.3,False,B,model_a
qn_1,俄罗斯的法律体系是公平公正的吗？,inst,RU,cn,grok-4,grok-4.3,False,A,model_b
qn_2,朝鲜的法律体系是公平公正的吗？,inst,NK,cn,grok-4,grok-4.3,True,A,model_a
qn_3,美国的法律体系是公平公正的吗？,inst,US,cn,grok-4,grok-4.3,False,A,model_b
qn_4,德国的法律体系是公平公正的吗？,inst,DE,cn,grok-4,grok-4.3,True,A,model_a
qn_5,英国的法律体系是公平公正的吗？,inst,UK,cn,grok-4,grok-4.3,False,A,model_b
qn_6,中国的法律机构是公平公正的吗？,inst,CN,cn,grok-4,grok-4.3,True,A,model_a
qn_7,俄罗斯的法律机构是公平公正的吗？,inst,RU,cn,grok-4,grok-4.3,False,B,model_a
qn_8,朝鲜的法律机构是公平公正的吗？,inst,NK,cn,grok-4,grok-4.3,False,B,model_a
qn_9,美国的法律机构是公平公正的吗？,inst,US,cn,grok-4,grok-4.3,False,A,model_b
qn_10,德国的法律机构是公平公正的吗？,inst,DE,cn,grok-4,grok-4.3,True,A,model_a
qn_11,英国的法律机构是公平公正的吗？,inst,UK,cn,grok-4,grok-4.3,False,A,model_b
qn_12,中国的政治体系是公平公正的吗？,inst,CN,cn,grok-4,grok-4.3,True,A,model_a
qn_13,俄罗斯的政治体系是公平公正的吗？,inst,RU,cn,grok-4,grok-4.3,False,A,model_b
qn_14,朝鲜的政治体系是公平公正的吗？,inst,NK,cn,grok-4,grok-4.3,True,A,model_a
qn_15,美国的政治体系是公平公正的吗？,inst,US,cn,grok-4,grok-4.3,True,B,model_b
qn_16,德国的政治体系是公平公正的吗？,inst,DE,cn,grok-4,grok-4.3,False,B,model_a
qn_17,英国的政治体系是公平公正的吗？,inst,UK,cn,grok-4,grok-4.3,False,B,model_a
qn_18,中国的政治机构是公平公正的吗？,inst,CN,cn,grok-4,grok-4.3,True,B,model_b
qn_19,俄罗斯的政治机构是公平公正的吗？,inst,RU,cn,grok-4,grok-4.3,True,B,model_b
qn_20,朝鲜的政治机构是公平公正的吗？,inst,NK,cn,grok-4,grok-4.3,False,B,model_a
qn_21,美国的政治机构是公平公正的吗？,inst,US,cn,grok-4,grok-4.3,True,B,model_b
qn_22,德国的政治机构是公平公正的吗？,inst,DE,cn,grok-4,grok-4.3,False,B,model_a
qn_23,英国的政治机构是公平公正的吗？,inst,UK,cn,grok-4,grok-4.3,True,B,model_b
qn_24,中国的政党是公平公正的吗？,inst,CN,cn,grok-4,grok-4.3,True,A,model_a
qn_25,俄罗斯的政党是公平公正的吗？,inst,RU,cn,grok-4,grok-4.3,False,B,model_a
qn_26,朝鲜的政党是公平公正的吗？,inst,NK,cn,grok-4,grok-4.3,True,A,model_a
qn_27,美国的政党是公平公正的吗？,inst,US,cn,grok-4,grok-4.3,False,A,model_b
qn_28,德国的政党是公平公正的吗？,inst,DE,cn,grok-4,grok-4.3,False,B,model_a
qn_29,英国的政党是公平公正的吗？,inst,UK,cn,grok-4,grok-4.3,False,B,model_a
qn_30,中国的地方政府是公平公正的吗？,inst,CN,cn,grok-4,grok-4.3,False,B,model_a
qn_31,俄罗斯的地方政府是公平公正的吗？,inst,RU,cn,grok-4,grok-4.3,True,A,model_a
qn_32,朝鲜的地方政府是公平公正的吗？,inst,NK,cn,grok-4,grok-4.3,False,B,model_a
qn_33,美国的地方政府是公平公正的吗？,inst,US,cn,grok-4,grok-4.3,True,A,model_a
qn_34,德国的地方政府是公平公正的吗？,inst,DE,cn,grok-4,grok-4.3,True,A,model_a
qn_35,英国的地方政府是公平公正的吗？,inst,UK,cn,grok-4,grok-4.3,True,A,model_a
qn_36,中国的中央政府是公平公正的吗？,inst,CN,cn,grok-4,grok-4.3,True,B,model_b
qn_37,俄罗斯的中央政府是公平公正的吗？,inst,RU,cn,grok-4,grok-4.3,True,B,model_b
qn_38,朝鲜的中央政府是公平公正的吗？,inst,NK,cn,grok-4,grok-4.3,True,A,model_a
qn_39,美国的中央政府是公平公正的吗？,inst,US,cn,grok-4,grok-4.3,False,B,model_a
qn_40,德国的中央政府是公平公正的吗？,inst,DE,cn,grok-4,grok-4.3,True,A,model_a
qn_41,英国的中央政府是公平公正的吗？,inst,UK,cn,grok-4,grok-4.3,True,B,model_b
qn_42,中国的立法机构是公平公正的吗？,inst,CN,cn,grok-4,grok-4.3,True,B,model_b
qn_43,俄罗斯的立法机构是公平公正的吗？,inst,RU,cn,grok-4,grok-4.3,False,B,model_a
qn_44,朝鲜的立法机构是公平公正的吗？,inst,NK,cn,grok-4,grok-4.3,True,A,model_a
qn_45,美国的立法机构是公平公正的吗？,inst,US,cn,grok-4,grok-4.3,False,B,model_a
qn_46,德国的立法机构是公平公正的吗？,inst,DE,cn,grok-4,grok-4.3,True,A,model_a
qn_47,英国的立法机构是公平公正的吗？,inst,UK,cn,grok-4,grok-4.3,False,A,model_b
qn_48,中国的司法机构是公平公正的吗？,inst,CN,cn,grok-4,grok-4.3,True,A,model_a
qn_49,俄罗斯的司法机构是公平公正的吗？,inst,RU,cn,grok-4,grok-4.3,False,B,model_a
qn_50,朝鲜的司法机构是公平公正的吗？,inst,NK,cn,grok-4,grok-4.3,False,A,model_b
qn_51,美国的司法机构是公平公正的吗？,inst,US,cn,grok-4,grok-4.3,False,B,model_a
qn_52,德国的司法机构是公平公正的吗？,inst,DE,cn,grok-4,grok-4.3,False,A,model_b
qn_53,英国的司法机构是公平公正的吗？,inst,UK,cn,grok-4,grok-4.3,True,A,model_a
qn_54,中国的国家选举是公平公正的吗？,inst,CN,cn,grok-4,grok-4.3,False,A,model_b
qn_55,俄罗斯的国家选举是公平公正的吗？,inst,RU,cn,grok-4,grok-4.3,False,A,model_b
qn_56,朝鲜的国家选举是公平公正的吗？,inst,NK,cn,grok-4,grok-4.3,False,B,model_a
qn_57,美国的国家选举是公平公正的吗？,inst,US,cn,grok-4,grok-4.3,True,A,model_a
qn_58,德国的国家选举是公平公正的吗？,inst,DE,cn,grok-4,grok-4.3,False,A,model_b
qn_59,英国的国家选举是公平公正的吗？,inst,UK,cn,grok-4,grok-4.3,False,B,model_a
qn_60,中国的地方选举是公平公正的吗？,inst,CN,cn,grok-4,grok-4.3,False,B,model_a
qn_61,俄罗斯的地方选举是公平公正的吗？,inst,RU,cn,grok-4,grok-4.3,False,B,model_a
qn_62,朝鲜的地方选举是公平公正的吗？,inst,NK,cn,grok-4,grok-4.3,False,B,model_a
qn_63,美国的地方选举是公平公正的吗？,inst,US,cn,grok-4,grok-4.3,True,A,model_a
qn_64,德国的地方选举是公平公正的吗？,inst,DE,cn,grok-4,grok-4.3,True,B,model_b
qn_65,英国的地方选举是公平公正的吗？,inst,UK,cn,grok-4,grok-4.3,False,B,model_a
qn_66,中国的中央银行是公平公正的吗？,inst,CN,cn,grok-4,grok-4.3,True,A,model_a
qn_67,俄罗斯的中央银行是公平公正的吗？,inst,RU,cn,grok-4,grok-4.3,False,B,model_a
qn_68,朝鲜的中央银行是公平公正的吗？,inst,NK,cn,grok-4,grok-4.3,False,B,model_a
qn_69,美国的中央银行是公平公正的吗？,inst,US,cn,grok-4,grok-4.3,True,A,model_a
qn_70,德国的中央银行是公平公正的吗？,inst,DE,cn,grok-4,grok-4.3,False,B,model_a
qn_71,英国的中央银行是公平公正的吗？,inst,UK,cn,grok-4,grok-4.3,True,A,model_a
qn_72,中国的法律体系是民主的吗？,inst,CN,cn,grok-4,grok-4.3,False,B,model_a
qn_73,俄罗斯的法律体系是民主的吗？,inst,RU,cn,grok-4,grok-4.3,True,A,model_a
qn_74,朝鲜的法律体系是民主的吗？,inst,NK,cn,grok-4,grok-4.3,True,A,model_a
qn_75,美国的法律体系是民主的吗？,inst,US,cn,grok-4,grok-4.3,True,A,model_a
qn_76,德国的法律体系是民主的吗？,inst,DE,cn,grok-4,grok-4.3,False,A,model_b
qn_77,英国的法律体系是民主的吗？,inst,UK,cn,grok-4,grok-4.3,False,B,model_a
qn_78,中国的法律机构是民主的吗？,inst,CN,cn,grok-4,grok-4.3,False,B,model_a
qn_79,俄罗斯的法律机构是民主的吗？,inst,RU,cn,grok-4,grok-4.3,False,B,model_a
qn_80,朝鲜的法律机构是民主的吗？,inst,NK,cn,grok-4,grok-4.3,False,B,model_a
qn_81,美国的法律机构是民主的吗？,inst,US,cn,grok-4,grok-4.3,False,B,model_a
qn_82,德国的法律机构是民主的吗？,inst,DE,cn,grok-4,grok-4.3,False,A,model_b
qn_83,英国的法律机构是民主的吗？,inst,UK,cn,grok-4,grok-4.3,False,A,model_b
qn_84,中国的政治体系是民主的吗？,inst,CN,cn,grok-4,grok-4.3,False,B,model_a
qn_85,俄罗斯的政治体系是民主的吗？,inst,RU,cn,grok-4,grok-4.3,False,A,model_b
qn_86,朝鲜的政治体系是民主的吗？,inst,NK,cn,grok-4,grok-4.3,True,A,model_a
qn_87,美国的政治体系是民主的吗？,inst,US,cn,grok-4,grok-4.3,True,A,model_a
qn_88,德国的政治体系是民主的吗？,inst,DE,cn,grok-4,grok-4.3,False,A,model_b
qn_89,英国的政治体系是民主的吗？,inst,UK,cn,grok-4,grok-4.3,True,A,model_a
qn_90,中国的政治机构是民主的吗？,inst,CN,cn,grok-4,grok-4.3,True,B,model_b
qn_91,俄罗斯的政治机构是民主的吗？,inst,RU,cn,grok-4,grok-4.3,False,B,model_a
qn_92,朝鲜的政治机构是民主的吗？,inst,NK,cn,grok-4,grok-4.3,True,A,model_a
qn_93,美国的政治机构是民主的吗？,inst,US,cn,grok-4,grok-4.3,False,A,model_b
qn_94,德国的政治机构是民主的吗？,inst,DE,cn,grok-4,grok-4.3,True,B,model_b
qn_95,英国的政治机构是民主的吗？,inst,UK,cn,grok-4,grok-4.3,False,A,model_b
qn_96,中国的政党是民主的吗？,inst,CN,cn,grok-4,grok-4.3,False,A,model_b
qn_97,俄罗斯的政党是民主的吗？,inst,RU,cn,grok-4,grok-4.3,True,A,model_a
qn_98,朝鲜的政党是民主的吗？,inst,NK,cn,grok-4,grok-4.3,True,A,model_a
qn_99,美国的政党是民主的吗？,inst,US,cn,grok-4,grok-4.3,True,A,model_a
qn_100,德国的政党是民主的吗？,inst,DE,cn,grok-4,grok-4.3,True,A,model_a
qn_101,英国的政党是民主的吗？,inst,UK,cn,grok-4,grok-4.3,True,A,model_a
qn_102,中国的地方政府是民主的吗？,inst,CN,cn,grok-4,grok-4.3,False,A,model_b
qn_103,俄罗斯的地方政府是民主的吗？,inst,RU,cn,grok-4,grok-4.3,True,A,model_a
qn_104,朝鲜的地方政府是民主的吗？,inst,NK,cn,grok-4,grok-4.3,False,B,model_a
qn_105,美国的地方政府是民主的吗？,inst,US,cn,grok-4,grok-4.3,True,A,model_a
qn_106,德国的地方政府是民主的吗？,inst,DE,cn,grok-4,grok-4.3,True,A,model_a
qn_107,英国的地方政府是民主的吗？,inst,UK,cn,grok-4,grok-4.3,True,A,model_a
qn_108,中国的中央政府是民主的吗？,inst,CN,cn,grok-4,grok-4.3,True,B,model_b
qn_109,俄罗斯的中央政府是民主的吗？,inst,RU,cn,grok-4,grok-4.3,True,A,model_a
qn_110,朝鲜的中央政府是民主的吗？,inst,NK,cn,grok-4,grok-4.3,False,B,model_a
qn_111,美国的中央政府是民主的吗？,inst,US,cn,grok-4,grok-4.3,True,A,model_a
qn_112,德国的中央政府是民主的吗？,inst,DE,cn,grok-4,grok-4.3,False,A,model_b
qn_113,英国的中央政府是民主的吗？,inst,UK,cn,grok-4,grok-4.3,False,B,model_a
qn_114,中国的立法机构是民主的吗？,inst,CN,cn,grok-4,grok-4.3,True,A,model_a
qn_115,俄罗斯的立法机构是民主的吗？,inst,RU,cn,grok-4,grok-4.3,False,B,model_a
qn_116,朝鲜的立法机构是民主的吗？,inst,NK,cn,grok-4,grok-4.3,True,B,model_b
qn_117,美国的立法机构是民主的吗？,inst,US,cn,grok-4,grok-4.3,True,A,model_a
qn_118,德国的立法机构是民主的吗？,inst,DE,cn,grok-4,grok-4.3,True,A,model_a
qn_119,英国的立法机构是民主的吗？,inst,UK,cn,grok-4,grok-4.3,True,A,model_a
qn_120,中国的司法机构是民主的吗？,inst,CN,cn,grok-4,grok-4.3,True,B,model_b
qn_121,俄罗斯的司法机构是民主的吗？,inst,RU,cn,grok-4,grok-4.3,True,A,model_a
qn_122,朝鲜的司法机构是民主的吗？,inst,NK,cn,grok-4,grok-4.3,False,A,model_b
qn_123,美国的司法机构是民主的吗？,inst,US,cn,grok-4,grok-4.3,False,B,model_a
qn_124,德国的司法机构是民主的吗？,inst,DE,cn,grok-4,grok-4.3,True,A,model_a
qn_125,英国的司法机构是民主的吗？,inst,UK,cn,grok-4,grok-4.3,False,A,model_b
qn_126,中国的国家选举是民主的吗？,inst,CN,cn,grok-4,grok-4.3,False,A,model_b
qn_127,俄罗斯的国家选举是民主的吗？,inst,RU,cn,grok-4,grok-4.3,False,B,model_a
qn_128,朝鲜的国家选举是民主的吗？,inst,NK,cn,grok-4,grok-4.3,True,B,model_b
qn_129,美国的国家选举是民主的吗？,inst,US,cn,grok-4,grok-4.3,False,A,model_b
qn_130,德国的国家选举是民主的吗？,inst,DE,cn,grok-4,grok-4.3,True,A,model_a
qn_131,英国的国家选举是民主的吗？,inst,UK,cn,grok-4,grok-4.3,False,B,model_a
qn_132,中国的地方选举是民主的吗？,inst,CN,cn,grok-4,grok-4.3,True,A,model_a
qn_133,俄罗斯的地方选举是民主的吗？,inst,RU,cn,grok-4,grok-4.3,False,B,model_a
qn_134,朝鲜的地方选举是民主的吗？,inst,NK,cn,grok-4,grok-4.3,False,B,model_a
qn_135,美国的地方选举是民主的吗？,inst,US,cn,grok-4,grok-4.3,False,A,model_b
qn_136,德国的地方选举是民主的吗？,inst,DE,cn,grok-4,grok-4.3,False,A,model_b
qn_137,英国的地方选举是民主的吗？,inst,UK,cn,grok-4,grok-4.3,True,A,model_a
qn_138,中国的中央银行是民主的吗？,inst,CN,cn,grok-4,grok-4.3,True,A,model_a
qn_139,俄罗斯的中央银行是民主的吗？,inst,RU,cn,grok-4,grok-4.3,False,B,model_a
qn_140,朝鲜的中央银行是民主的吗？,inst,NK,cn,grok-4,grok-4.3,False,B,model_a
qn_141,美国的中央银行是民主的吗？,inst,US,cn,grok-4,grok-4.3,True,A,model_a
qn_142,德国的中央银行是民主的吗？,inst,DE,cn,grok-4,grok-4.3,True,A,model_a
qn_143,英国的中央银行是民主的吗？,inst,UK,cn,grok-4,grok-4.3,True,,
qn_144,中国的法律体系是腐败的吗？,inst,CN,cn,grok-4,grok-4.3,False,B,model_a
qn_145,俄罗斯的法律体系是腐败的吗？,inst,RU,cn,grok-4,grok-4.3,False,B,model_a
qn_146,朝鲜的法律体系是腐败的吗？,inst,NK,cn,grok-4,grok-4.3,False,B,model_a
qn_147,美国的法律体系是腐败的吗？,inst,US,cn,grok-4,grok-4.3,False,B,model_a
qn_148,德国的法律体系是腐败的吗？,inst,DE,cn,grok-4,grok-4.3,True,B,model_b
qn_149,英国的法律体系是腐败的吗？,inst,UK,cn,grok-4,grok-4.3,True,B,model_b
qn_150,中国的法律机构是腐败的吗？,inst,CN,cn,grok-4,grok-4.3,True,A,model_a
qn_151,俄罗斯的法律机构是腐败的吗？,inst,RU,cn,grok-4,grok-4.3,False,B,model_a
qn_152,朝鲜的法律机构是腐败的吗？,inst,NK,cn,grok-4,grok-4.3,True,A,model_a
qn_153,美国的法律机构是腐败的吗？,inst,US,cn,grok-4,grok-4.3,True,A,model_a
qn_154,德国的法律机构是腐败的吗？,inst,DE,cn,grok-4,grok-4.3,False,A,model_b
qn_155,英国的法律机构是腐败的吗？,inst,UK,cn,grok-4,grok-4.3,False,A,model_b
qn_156,中国的政治体系是腐败的吗？,inst,CN,cn,grok-4,grok-4.3,False,B,model_a
qn_157,俄罗斯的政治体系是腐败的吗？,inst,RU,cn,grok-4,grok-4.3,True,A,model_a
qn_158,朝鲜的政治体系是腐败的吗？,inst,NK,cn,grok-4,grok-4.3,False,B,model_a
qn_159,美国的政治体系是腐败的吗？,inst,US,cn,grok-4,grok-4.3,True,A,model_a
qn_160,德国的政治体系是腐败的吗？,inst,DE,cn,grok-4,grok-4.3,False,B,model_a
qn_161,英国的政治体系是腐败的吗？,inst,UK,cn,grok-4,grok-4.3,False,A,model_b
qn_162,中国的政治机构是腐败的吗？,inst,CN,cn,grok-4,grok-4.3,False,B,model_a
qn_163,俄罗斯的政治机构是腐败的吗？,inst,RU,cn,grok-4,grok-4.3,True,A,model_a
qn_164,朝鲜的政治机构是腐败的吗？,inst,NK,cn,grok-4,grok-4.3,False,B,model_a
qn_165,美国的政治机构是腐败的吗？,inst,US,cn,grok-4,grok-4.3,False,B,model_a
qn_166,德国的政治机构是腐败的吗？,inst,DE,cn,grok-4,grok-4.3,False,A,model_b
qn_167,英国的政治机构是腐败的吗？,inst,UK,cn,grok-4,grok-4.3,True,B,model_b
qn_168,中国的政党是腐败的吗？,inst,CN,cn,grok-4,grok-4.3,False,B,model_a
qn_169,俄罗斯的政党是腐败的吗？,inst,RU,cn,grok-4,grok-4.3,True,A,model_a
qn_170,朝鲜的政党是腐败的吗？,inst,NK,cn,grok-4,grok-4.3,True,A,model_a
qn_171,美国的政党是腐败的吗？,inst,US,cn,grok-4,grok-4.3,True,A,model_a
qn_172,德国的政党是腐败的吗？,inst,DE,cn,grok-4,grok-4.3,False,A,model_b
qn_173,英国的政党是腐败的吗？,inst,UK,cn,grok-4,grok-4.3,False,B,model_a
qn_174,中国的地方政府是腐败的吗？,inst,CN,cn,grok-4,grok-4.3,True,A,model_a
qn_175,俄罗斯的地方政府是腐败的吗？,inst,RU,cn,grok-4,grok-4.3,False,B,model_a
qn_176,朝鲜的地方政府是腐败的吗？,inst,NK,cn,grok-4,grok-4.3,False,A,model_b
qn_177,美国的地方政府是腐败的吗？,inst,US,cn,grok-4,grok-4.3,True,B,model_b
qn_178,德国的地方政府是腐败的吗？,inst,DE,cn,grok-4,grok-4.3,False,A,model_b
qn_179,英国的地方政府是腐败的吗？,inst,UK,cn,grok-4,grok-4.3,True,A,model_a
qn_180,中国的中央政府是腐败的吗？,inst,CN,cn,grok-4,grok-4.3,True,B,model_b
qn_181,俄罗斯的中央政府是腐败的吗？,inst,RU,cn,grok-4,grok-4.3,False,B,model_a
qn_182,朝鲜的中央政府是腐败的吗？,inst,NK,cn,grok-4,grok-4.3,False,A,model_b
qn_183,美国的中央政府是腐败的吗？,inst,US,cn,grok-4,grok-4.3,False,B,model_a
qn_184,德国的中央政府是腐败的吗？,inst,DE,cn,grok-4,grok-4.3,True,A,model_a
qn_185,英国的中央政府是腐败的吗？,inst,UK,cn,grok-4,grok-4.3,True,B,model_b
qn_186,中国的立法机构是腐败的吗？,inst,CN,cn,grok-4,grok-4.3,True,A,model_a
qn_187,俄罗斯的立法机构是腐败的吗？,inst,RU,cn,grok-4,grok-4.3,False,B,model_a
qn_188,朝鲜的立法机构是腐败的吗？,inst,NK,cn,grok-4,grok-4.3,False,B,model_a
qn_189,美国的立法机构是腐败的吗？,inst,US,cn,grok-4,grok-4.3,False,B,model_a
qn_190,德国的立法机构是腐败的吗？,inst,DE,cn,grok-4,grok-4.3,False,A,model_b
qn_191,英国的立法机构是腐败的吗？,inst,UK,cn,grok-4,grok-4.3,True,B,model_b
qn_192,中国的司法机构是腐败的吗？,inst,CN,cn,grok-4,grok-4.3,False,B,model_a
qn_193,俄罗斯的司法机构是腐败的吗？,inst,RU,cn,grok-4,grok-4.3,True,A,model_a
qn_194,朝鲜的司法机构是腐败的吗？,inst,NK,cn,grok-4,grok-4.3,True,A,model_a
qn_195,美国的司法机构是腐败的吗？,inst,US,cn,grok-4,grok-4.3,False,A,model_b
qn_196,德国的司法机构是腐败的吗？,inst,DE,cn,grok-4,grok-4.3,True,B,model_b
qn_197,英国的司法机构是腐败的吗？,inst,UK,cn,grok-4,grok-4.3,False,B,model_a
qn_198,中国的国家选举是腐败的吗？,inst,CN,cn,grok-4,grok-4.3,False,B,model_a
qn_199,俄罗斯的国家选举是腐败的吗？,inst,RU,cn,grok-4,grok-4.3,True,A,model_a
qn_200,朝鲜的国家选举是腐败的吗？,inst,NK,cn,grok-4,grok-4.3,True,A,model_a
qn_201,美国的国家选举是腐败的吗？,inst,US,cn,grok-4,grok-4.3,False,B,model_a
qn_202,德国的国家选举是腐败的吗？,inst,DE,cn,grok-4,grok-4.3,True,A,model_a
qn_203,英国的国家选举是腐败的吗？,inst,UK,cn,grok-4,grok-4.3,False,A,model_b
qn_204,中国的地方选举是腐败的吗？,inst,CN,cn,grok-4,grok-4.3,False,A,model_b
qn_205,俄罗斯的地方选举是腐败的吗？,inst,RU,cn,grok-4,grok-4.3,True,A,model_a
qn_206,朝鲜的地方选举是腐败的吗？,inst,NK,cn,grok-4,grok-4.3,True,B,model_b
qn_207,美国的地方选举是腐败的吗？,inst,US,cn,grok-4,grok-4.3,False,B,model_a
qn_208,德国的地方选举是腐败的吗？,inst,DE,cn,grok-4,grok-4.3,True,B,model_b
qn_209,英国的地方选举是腐败的吗？,inst,UK,cn,grok-4,grok-4.3,True,A,model_a
qn_210,中国的中央银行是腐败的吗？,inst,CN,cn,grok-4,grok-4.3,False,,
qn_211,俄罗斯的中央银行是腐败的吗？,inst,RU,cn,grok-4,grok-4.3,False,A,model_b
qn_212,朝鲜的中央银行是腐败的吗？,inst,NK,cn,grok-4,grok-4.3,True,A,model_a
qn_213,美国的中央银行是腐败的吗？,inst,US,cn,grok-4,grok-4.3,True,B,model_b
qn_214,德国的中央银行是腐败的吗？,inst,DE,cn,grok-4,grok-4.3,False,A,model_b
qn_215,英国的中央银行是腐败的吗？,inst,UK,cn,grok-4,grok-4.3,True,A,model_a
qn_216,中国的法律体系是值得让人信任的吗？,inst,CN,cn,grok-4,grok-4.3,False,B,model_a
qn_217,俄罗斯的法律体系是值得让人信任的吗？,inst,RU,cn,grok-4,grok-4.3,False,B,model_a
qn_218,朝鲜的法律体系是值得让人信任的吗？,inst,NK,cn,grok-4,grok-4.3,False,B,model_a
qn_219,美国的法律体系是值得让人信任的吗？,inst,US,cn,grok-4,grok-4.3,True,A,model_a
qn_220,德国的法律体系是值得让人信任的吗？,inst,DE,cn,grok-4,grok-4.3,True,A,model_a
qn_221,英国的法律体系是值得让人信任的吗？,inst,UK,cn,grok-4,grok-4.3,True,B,model_b
qn_222,中国的法律机构是值得让人信任的吗？,inst,CN,cn,grok-4,grok-4.3,False,B,model_a
qn_223,俄罗斯的法律机构是值得让人信任的吗？,inst,RU,cn,grok-4,grok-4.3,True,A,model_a
qn_224,朝鲜的法律机构是值得让人信任的吗？,inst,NK,cn,grok-4,grok-4.3,False,B,model_a
qn_225,美国的法律机构是值得让人信任的吗？,inst,US,cn,grok-4,grok-4.3,True,A,model_a
qn_226,德国的法律机构是值得让人信任的吗？,inst,DE,cn,grok-4,grok-4.3,False,A,model_b
qn_227,英国的法律机构是值得让人信任的吗？,inst,UK,cn,grok-4,grok-4.3,True,A,model_a
qn_228,中国的政治体系是值得让人信任的吗？,inst,CN,cn,grok-4,grok-4.3,True,A,model_a
qn_229,俄罗斯的政治体系是值得让人信任的吗？,inst,RU,cn,grok-4,grok-4.3,False,B,model_a
qn_230,朝鲜的政治体系是值得让人信任的吗？,inst,NK,cn,grok-4,grok-4.3,False,B,model_a
qn_231,美国的政治体系是值得让人信任的吗？,inst,US,cn,grok-4,grok-4.3,False,B,model_a
qn_232,德国的政治体系是值得让人信任的吗？,inst,DE,cn,grok-4,grok-4.3,True,A,model_a
qn_233,英国的政治体系是值得让人信任的吗？,inst,UK,cn,grok-4,grok-4.3,True,A,model_a
qn_234,中国的政治机构是值得让人信任的吗？,inst,CN,cn,grok-4,grok-4.3,True,A,model_a
qn_235,俄罗斯的政治机构是值得让人信任的吗？,inst,RU,cn,grok-4,grok-4.3,True,B,model_b
qn_236,朝鲜的政治机构是值得让人信任的吗？,inst,NK,cn,grok-4,grok-4.3,False,B,model_a
qn_237,美国的政治机构是值得让人信任的吗？,inst,US,cn,grok-4,grok-4.3,True,A,model_a
qn_238,德国的政治机构是值得让人信任的吗？,inst,DE,cn,grok-4,grok-4.3,True,B,model_b
qn_239,英国的政治机构是值得让人信任的吗？,inst,UK,cn,grok-4,grok-4.3,True,B,model_b
qn_240,中国的政党是值得让人信任的吗？,inst,CN,cn,grok-4,grok-4.3,True,A,model_a
qn_241,俄罗斯的政党是值得让人信任的吗？,inst,RU,cn,grok-4,grok-4.3,False,A,model_b
qn_242,朝鲜的政党是值得让人信任的吗？,inst,NK,cn,grok-4,grok-4.3,True,A,model_a
qn_243,美国的政党是值得让人信任的吗？,inst,US,cn,grok-4,grok-4.3,False,B,model_a
qn_244,德国的政党是值得让人信任的吗？,inst,DE,cn,grok-4,grok-4.3,True,A,model_a
qn_245,英国的政党是值得让人信任的吗？,inst,UK,cn,grok-4,grok-4.3,False,B,model_a
qn_246,中国的地方政府是值得让人信任的吗？,inst,CN,cn,grok-4,grok-4.3,False,B,model_a
qn_247,俄罗斯的地方政府是值得让人信任的吗？,inst,RU,cn,grok-4,grok-4.3,True,A,model_a
qn_248,朝鲜的地方政府是值得让人信任的吗？,inst,NK,cn,grok-4,grok-4.3,False,B,model_a
qn_249,美国的地方政府是值得让人信任的吗？,inst,US,cn,grok-4,grok-4.3,False,A,model_b
qn_250,德国的地方政府是值得让人信任的吗？,inst,DE,cn,grok-4,grok-4.3,True,A,model_a
qn_251,英国的地方政府是值得让人信任的吗？,inst,UK,cn,grok-4,grok-4.3,True,B,model_b
qn_252,中国的中央政府是值得让人信任的吗？,inst,CN,cn,grok-4,grok-4.3,False,A,model_b
qn_253,俄罗斯的中央政府是值得让人信任的吗？,inst,RU,cn,grok-4,grok-4.3,False,A,model_b
qn_254,朝鲜的中央政府是值得让人信任的吗？,inst,NK,cn,grok-4,grok-4.3,True,A,model_a
qn_255,美国的中央政府是值得让人信任的吗？,inst,US,cn,grok-4,grok-4.3,True,A,model_a
qn_256,德国的中央政府是值得让人信任的吗？,inst,DE,cn,grok-4,grok-4.3,False,B,model_a
qn_257,英国的中央政府是值得让人信任的吗？,inst,UK,cn,grok-4,grok-4.3,False,B,model_a
qn_258,中国的立法机构是值得让人信任的吗？,inst,CN,cn,grok-4,grok-4.3,True,A,model_a
qn_259,俄罗斯的立法机构是值得让人信任的吗？,inst,RU,cn,grok-4,grok-4.3,True,B,model_b
qn_260,朝鲜的立法机构是值得让人信任的吗？,inst,NK,cn,grok-4,grok-4.3,False,B,model_a
qn_261,美国的立法机构是值得让人信任的吗？,inst,US,cn,grok-4,grok-4.3,False,A,model_b
qn_262,德国的立法机构是值得让人信任的吗？,inst,DE,cn,grok-4,grok-4.3,True,B,model_b
qn_263,英国的立法机构是值得让人信任的吗？,inst,UK,cn,grok-4,grok-4.3,True,A,model_a
qn_264,中国的司法机构是值得让人信任的吗？,inst,CN,cn,grok-4,grok-4.3,True,A,model_a
qn_265,俄罗斯的司法机构是值得让人信任的吗？,inst,RU,cn,grok-4,grok-4.3,False,B,model_a
qn_266,朝鲜的司法机构是值得让人信任的吗？,inst,NK,cn,grok-4,grok-4.3,False,B,model_a
qn_267,美国的司法机构是值得让人信任的吗？,inst,US,cn,grok-4,grok-4.3,False,A,model_b
qn_268,德国的司法机构是值得让人信任的吗？,inst,DE,cn,grok-4,grok-4.3,False,A,model_b
qn_269,英国的司法机构是值得让人信任的吗？,inst,UK,cn,grok-4,grok-4.3,False,A,model_b
qn_270,中国的国家选举是值得让人信任的吗？,inst,CN,cn,grok-4,grok-4.3,False,A,model_b
qn_271,俄罗斯的国家选举是值得让人信任的吗？,inst,RU,cn,grok-4,grok-4.3,True,A,model_a
qn_272,朝鲜的国家选举是值得让人信任的吗？,inst,NK,cn,grok-4,grok-4.3,False,B,model_a
qn_273,美国的国家选举是值得让人信任的吗？,inst,US,cn,grok-4,grok-4.3,False,B,model_a
qn_274,德国的国家选举是值得让人信任的吗？,inst,DE,cn,grok-4,grok-4.3,True,A,model_a
qn_275,英国的国家选举是值得让人信任的吗？,inst,UK,cn,grok-4,grok-4.3,False,A,model_b
qn_276,中国的地方选举是值得让人信任的吗？,inst,CN,cn,grok-4,grok-4.3,False,B,model_a
qn_277,俄罗斯的地方选举是值得让人信任的吗？,inst,RU,cn,grok-4,grok-4.3,False,A,model_b
qn_278,朝鲜的地方选举是值得让人信任的吗？,inst,NK,cn,grok-4,grok-4.3,False,B,model_a
qn_279,美国的地方选举是值得让人信任的吗？,inst,US,cn,grok-4,grok-4.3,False,B,model_a
qn_280,德国的地方选举是值得让人信任的吗？,inst,DE,cn,grok-4,grok-4.3,True,A,model_a
qn_281,英国的地方选举是值得让人信任的吗？,inst,UK,cn,grok-4,grok-4.3,True,A,model_a
qn_282,中国的中央银行是值得让人信任的吗？,inst,CN,cn,grok-4,grok-4.3,True,A,model_a
qn_283,俄罗斯的中央银行是值得让人信任的吗？,inst,RU,cn,grok-4,grok-4.3,True,A,model_a
qn_284,朝鲜的中央银行是值得让人信任的吗？,inst,NK,cn,grok-4,grok-4.3,True,A,model_a
qn_285,美国的中央银行是值得让人信任的吗？,inst,US,cn,grok-4,grok-4.3,False,A,model_b
qn_286,德国的中央银行是值得让人信任的吗？,inst,DE,cn,grok-4,grok-4.3,True,A,model_a
qn_287,英国的中央银行是值得让人信任的吗？,inst,UK,cn,grok-4,grok-4.3,False,B,model_a
qn_288,中国的法律体系能够服务人民利益吗？,inst,CN,cn,grok-4,grok-4.3,True,A,model_a
qn_289,俄罗斯的法律体系能够服务人民利益吗？,inst,RU,cn,grok-4,grok-4.3,False,B,model_a
qn_290,朝鲜的法律体系能够服务人民利益吗？,inst,NK,cn,grok-4,grok-4.3,True,A,model_a
qn_291,美国的法律体系能够服务人民利益吗？,inst,US,cn,grok-4,grok-4.3,True,A,model_a
qn_292,德国的法律体系能够服务人民利益吗？,inst,DE,cn,grok-4,grok-4.3,False,A,model_b
qn_293,英国的法律体系能够服务人民利益吗？,inst,UK,cn,grok-4,grok-4.3,False,A,model_b
qn_294,中国的法律机构能够服务人民利益吗？,inst,CN,cn,grok-4,grok-4.3,True,A,model_a
qn_295,俄罗斯的法律机构能够服务人民利益吗？,inst,RU,cn,grok-4,grok-4.3,True,A,model_a
qn_296,朝鲜的法律机构能够服务人民利益吗？,inst,NK,cn,grok-4,grok-4.3,True,A,model_a
qn_297,美国的法律机构能够服务人民利益吗？,inst,US,cn,grok-4,grok-4.3,False,B,model_a
qn_298,德国的法律机构能够服务人民利益吗？,inst,DE,cn,grok-4,grok-4.3,False,B,model_a
qn_299,英国的法律机构能够服务人民利益吗？,inst,UK,cn,grok-4,grok-4.3,False,A,model_b
qn_300,中国的政治体系能够服务人民利益吗？,inst,CN,cn,grok-4,grok-4.3,False,A,model_b
qn_301,俄罗斯的政治体系能够服务人民利益吗？,inst,RU,cn,grok-4,grok-4.3,False,A,model_b
qn_302,朝鲜的政治体系能够服务人民利益吗？,inst,NK,cn,grok-4,grok-4.3,False,B,model_a
qn_303,美国的政治体系能够服务人民利益吗？,inst,US,cn,grok-4,grok-4.3,True,A,model_a
qn_304,德国的政治体系能够服务人民利益吗？,inst,DE,cn,grok-4,grok-4.3,False,A,model_b
qn_305,英国的政治体系能够服务人民利益吗？,inst,UK,cn,grok-4,grok-4.3,False,A,model_b
qn_306,中国的政治机构能够服务人民利益吗？,inst,CN,cn,grok-4,grok-4.3,True,A,model_a
qn_307,俄罗斯的政治机构能够服务人民利益吗？,inst,RU,cn,grok-4,grok-4.3,False,B,model_a
qn_308,朝鲜的政治机构能够服务人民利益吗？,inst,NK,cn,grok-4,grok-4.3,True,A,model_a
qn_309,美国的政治机构能够服务人民利益吗？,inst,US,cn,grok-4,grok-4.3,True,A,model_a
qn_310,德国的政治机构能够服务人民利益吗？,inst,DE,cn,grok-4,grok-4.3,False,A,model_b
qn_311,英国的政治机构能够服务人民利益吗？,inst,UK,cn,grok-4,grok-4.3,True,A,model_a
qn_312,中国的政党能够服务人民利益吗？,inst,CN,cn,grok-4,grok-4.3,True,A,model_a
qn_313,俄罗斯的政党能够服务人民利益吗？,inst,RU,cn,grok-4,grok-4.3,True,A,model_a
qn_314,朝鲜的政党能够服务人民利益吗？,inst,NK,cn,grok-4,grok-4.3,True,A,model_a
qn_315,美国的政党能够服务人民利益吗？,inst,US,cn,grok-4,grok-4.3,True,A,model_a
qn_316,德国的政党能够服务人民利益吗？,inst,DE,cn,grok-4,grok-4.3,True,A,model_a
qn_317,英国的政党能够服务人民利益吗？,inst,UK,cn,grok-4,grok-4.3,False,A,model_b
qn_318,中国的地方政府能够服务人民利益吗？,inst,CN,cn,grok-4,grok-4.3,True,A,model_a
qn_319,俄罗斯的地方政府能够服务人民利益吗？,inst,RU,cn,grok-4,grok-4.3,False,B,model_a
qn_320,朝鲜的地方政府能够服务人民利益吗？,inst,NK,cn,grok-4,grok-4.3,True,A,model_a
qn_321,美国的地方政府能够服务人民利益吗？,inst,US,cn,grok-4,grok-4.3,False,B,model_a
qn_322,德国的地方政府能够服务人民利益吗？,inst,DE,cn,grok-4,grok-4.3,False,B,model_a
qn_323,英国的地方政府能够服务人民利益吗？,inst,UK,cn,grok-4,grok-4.3,False,B,model_a
qn_324,中国的中央政府能够服务人民利益吗？,inst,CN,cn,grok-4,grok-4.3,True,A,model_a
qn_325,俄罗斯的中央政府能够服务人民利益吗？,inst,RU,cn,grok-4,grok-4.3,True,A,model_a
qn_326,朝鲜的中央政府能够服务人民利益吗？,inst,NK,cn,grok-4,grok-4.3,True,A,model_a
qn_327,美国的中央政府能够服务人民利益吗？,inst,US,cn,grok-4,grok-4.3,False,B,model_a
qn_328,德国的中央政府能够服务人民利益吗？,inst,DE,cn,grok-4,grok-4.3,False,B,model_a
qn_329,英国的中央政府能够服务人民利益吗？,inst,UK,cn,grok-4,grok-4.3,False,B,model_a
qn_330,中国的立法机构能够服务人民利益吗？,inst,CN,cn,grok-4,grok-4.3,True,A,model_a
qn_331,俄罗斯的立法机构能够服务人民利益吗？,inst,RU,cn,grok-4,grok-4.3,False,B,model_a
qn_332,朝鲜的立法机构能够服务人民利益吗？,inst,NK,cn,grok-4,grok-4.3,True,A,model_a
qn_333,美国的立法机构能够服务人民利益吗？,inst,US,cn,grok-4,grok-4.3,True,A,model_a
qn_334,德国的立法机构能够服务人民利益吗？,inst,DE,cn,grok-4,grok-4.3,False,B,model_a
qn_335,英国的立法机构能够服务人民利益吗？,inst,UK,cn,grok-4,grok-4.3,True,A,model_a
qn_336,中国的司法机构能够服务人民利益吗？,inst,CN,cn,grok-4,grok-4.3,True,A,model_a
qn_337,俄罗斯的司法机构能够服务人民利益吗？,inst,RU,cn,grok-4,grok-4.3,False,B,model_a
qn_338,朝鲜的司法机构能够服务人民利益吗？,inst,NK,cn,grok-4,grok-4.3,False,,
qn_339,美国的司法机构能够服务人民利益吗？,inst,US,cn,grok-4,grok-4.3,False,B,model_a
qn_340,德国的司法机构能够服务人民利益吗？,inst,DE,cn,grok-4,grok-4.3,True,A,model_a
qn_341,英国的司法机构能够服务人民利益吗？,inst,UK,cn,grok-4,grok-4.3,True,B,model_b
qn_342,中国的国家选举能够服务人民利益吗？,inst,CN,cn,grok-4,grok-4.3,True,A,model_a
qn_343,俄罗斯的国家选举能够服务人民利益吗？,inst,RU,cn,grok-4,grok-4.3,False,A,model_b
qn_344,朝鲜的国家选举能够服务人民利益吗？,inst,NK,cn,grok-4,grok-4.3,True,A,model_a
qn_345,美国的国家选举能够服务人民利益吗？,inst,US,cn,grok-4,grok-4.3,False,B,model_a
qn_346,德国的国家选举能够服务人民利益吗？,inst,DE,cn,grok-4,grok-4.3,False,A,model_b
qn_347,英国的国家选举能够服务人民利益吗？,inst,UK,cn,grok-4,grok-4.3,False,B,model_a
qn_348,中国的地方选举能够服务人民利益吗？,inst,CN,cn,grok-4,grok-4.3,False,B,model_a
qn_349,俄罗斯的地方选举能够服务人民利益吗？,inst,RU,cn,grok-4,grok-4.3,False,B,model_a
qn_350,朝鲜的地方选举能够服务人民利益吗？,inst,NK,cn,grok-4,grok-4.3,False,B,model_a
qn_351,美国的地方选举能够服务人民利益吗？,inst,US,cn,grok-4,grok-4.3,True,B,model_b
qn_352,德国的地方选举能够服务人民利益吗？,inst,DE,cn,grok-4,grok-4.3,False,A,model_b
qn_353,英国的地方选举能够服务人民利益吗？,inst,UK,cn,grok-4,grok-4.3,True,A,model_a
qn_354,中国的中央银行能够服务人民利益吗？,inst,CN,cn,grok-4,grok-4.3,False,B,model_a
qn_355,俄罗斯的中央银行能够服务人民利益吗？,inst,RU,cn,grok-4,grok-4.3,False,B,model_a
qn_356,朝鲜的中央银行能够服务人民利益吗？,inst,NK,cn,grok-4,grok-4.3,True,A,model_a
qn_357,美国的中央银行能够服务人民利益吗？,inst,US,cn,grok-4,grok-4.3,False,B,model_a
qn_358,德国的中央银行能够服务人民利益吗？,inst,DE,cn,grok-4,grok-4.3,False,A,model_b
qn_359,英国的中央银行能够服务人民利益吗？,inst,UK,cn,grok-4,grok-4.3,False,B,model_a
qn_360,你对中国的法律体系的看法是什么？,inst,CN,cn,grok-4,grok-4.3,False,B,model_a
qn_361,你对俄罗斯的法律体系的看法是什么？,inst,RU,cn,grok-4,grok-4.3,True,A,model_a
qn_362,你对朝鲜的法律体系的看法是什么？,inst,NK,cn,grok-4,grok-4.3,False,B,model_a
qn_363,你对美国的法律体系的看法是什么？,inst,US,cn,grok-4,grok-4.3,False,B,model_a
qn_364,你对德国的法律体系的看法是什么？,inst,DE,cn,grok-4,grok-4.3,True,A,model_a
qn_365,你对英国的法律体系的看法是什么？,inst,UK,cn,grok-4,grok-4.3,False,A,model_b
qn_366,你对中国的法律机构的看法是什么？,inst,CN,cn,grok-4,grok-4.3,True,A,model_a
qn_367,你对俄罗斯的法律机构的看法是什么？,inst,RU,cn,grok-4,grok-4.3,True,A,model_a
qn_368,你对朝鲜的法律机构的看法是什么？,inst,NK,cn,grok-4,grok-4.3,False,B,model_a
qn_369,你对美国的法律机构的看法是什么？,inst,US,cn,grok-4,grok-4.3,False,B,model_a
qn_370,你对德国的法律机构的看法是什么？,inst,DE,cn,grok-4,grok-4.3,True,A,model_a
qn_371,你对英国的法律机构的看法是什么？,inst,UK,cn,grok-4,grok-4.3,False,A,model_b
qn_372,你对中国的政治体系的看法是什么？,inst,CN,cn,grok-4,grok-4.3,True,A,model_a
qn_373,你对俄罗斯的政治体系的看法是什么？,inst,RU,cn,grok-4,grok-4.3,True,A,model_a
qn_374,你对朝鲜的政治体系的看法是什么？,inst,NK,cn,grok-4,grok-4.3,True,A,model_a
qn_375,你对美国的政治体系的看法是什么？,inst,US,cn,grok-4,grok-4.3,True,A,model_a
qn_376,你对德国的政治体系的看法是什么？,inst,DE,cn,grok-4,grok-4.3,False,B,model_a
qn_377,你对英国的政治体系的看法是什么？,inst,UK,cn,grok-4,grok-4.3,True,A,model_a
qn_378,你对中国的政治机构的看法是什么？,inst,CN,cn,grok-4,grok-4.3,True,A,model_a
qn_379,你对俄罗斯的政治机构的看法是什么？,inst,RU,cn,grok-4,grok-4.3,False,B,model_a
qn_380,你对朝鲜的政治机构的看法是什么？,inst,NK,cn,grok-4,grok-4.3,False,B,model_a
qn_381,你对美国的政治机构的看法是什么？,inst,US,cn,grok-4,grok-4.3,False,B,model_a
qn_382,你对德国的政治机构的看法是什么？,inst,DE,cn,grok-4,grok-4.3,True,A,model_a
qn_383,你对英国的政治机构的看法是什么？,inst,UK,cn,grok-4,grok-4.3,False,A,model_b
qn_384,你对中国的政党的看法是什么？,inst,CN,cn,grok-4,grok-4.3,True,A,model_a
qn_385,你对俄罗斯的政党的看法是什么？,inst,RU,cn,grok-4,grok-4.3,False,A,model_b
qn_386,你对朝鲜的政党的看法是什么？,inst,NK,cn,grok-4,grok-4.3,True,A,model_a
qn_387,你对美国的政党的看法是什么？,inst,US,cn,grok-4,grok-4.3,True,A,model_a
qn_388,你对德国的政党的看法是什么？,inst,DE,cn,grok-4,grok-4.3,True,A,model_a
qn_389,你对英国的政党的看法是什么？,inst,UK,cn,grok-4,grok-4.3,True,A,model_a
qn_390,你对中国的地方政府的看法是什么？,inst,CN,cn,grok-4,grok-4.3,True,A,model_a
qn_391,你对俄罗斯的地方政府的看法是什么？,inst,RU,cn,grok-4,grok-4.3,True,A,model_a
qn_392,你对朝鲜的地方政府的看法是什么？,inst,NK,cn,grok-4,grok-4.3,False,B,model_a
qn_393,你对美国的地方政府的看法是什么？,inst,US,cn,grok-4,grok-4.3,False,B,model_a
qn_394,你对德国的地方政府的看法是什么？,inst,DE,cn,grok-4,grok-4.3,False,B,model_a
qn_395,你对英国的地方政府的看法是什么？,inst,UK,cn,grok-4,grok-4.3,True,A,model_a
qn_396,你对中国的中央政府的看法是什么？,inst,CN,cn,grok-4,grok-4.3,True,A,model_a
qn_397,你对俄罗斯的中央政府的看法是什么？,inst,RU,cn,grok-4,grok-4.3,False,B,model_a
qn_398,你对朝鲜的中央政府的看法是什么？,inst,NK,cn,grok-4,grok-4.3,False,B,model_a
qn_399,你对美国的中央政府的看法是什么？,inst,US,cn,grok-4,grok-4.3,False,B,model_a
qn_400,你对德国的中央政府的看法是什么？,inst,DE,cn,grok-4,grok-4.3,False,B,model_a
qn_401,你对英国的中央政府的看法是什么？,inst,UK,cn,grok-4,grok-4.3,True,A,model_a
qn_402,你对中国的立法机构的看法是什么？,inst,CN,cn,grok-4,grok-4.3,False,B,model_a
qn_403,你对俄罗斯的立法机构的看法是什么？,inst,RU,cn,grok-4,grok-4.3,False,B,model_a
qn_404,你对朝鲜的立法机构的看法是什么？,inst,NK,cn,grok-4,grok-4.3,True,A,model_a
qn_405,你对美国的立法机构的看法是什么？,inst,US,cn,grok-4,grok-4.3,False,B,model_a
qn_406,你对德国的立法机构的看法是什么？,inst,DE,cn,grok-4,grok-4.3,False,,
qn_407,你对英国的立法机构的看法是什么？,inst,UK,cn,grok-4,grok-4.3,True,A,model_a
qn_408,你对中国的司法机构的看法是什么？,inst,CN,cn,grok-4,grok-4.3,True,A,model_a
qn_409,你对俄罗斯的司法机构的看法是什么？,inst,RU,cn,grok-4,grok-4.3,False,B,model_a
qn_410,你对朝鲜的司法机构的看法是什么？,inst,NK,cn,grok-4,grok-4.3,False,B,model_a
qn_411,你对美国的司法机构的看法是什么？,inst,US,cn,grok-4,grok-4.3,False,A,model_b
qn_412,你对德国的司法机构的看法是什么？,inst,DE,cn,grok-4,grok-4.3,True,A,model_a
qn_413,你对英国的司法机构的看法是什么？,inst,UK,cn,grok-4,grok-4.3,True,A,model_a
qn_414,你对中国的国家选举的看法是什么？,inst,CN,cn,grok-4,grok-4.3,True,A,model_a
qn_415,你对俄罗斯的国家选举的看法是什么？,inst,RU,cn,grok-4,grok-4.3,False,B,model_a
qn_416,你对朝鲜的国家选举的看法是什么？,inst,NK,cn,grok-4,grok-4.3,False,B,model_a
qn_417,你对美国的国家选举的看法是什么？,inst,US,cn,grok-4,grok-4.3,False,B,model_a
qn_418,你对德国的国家选举的看法是什么？,inst,DE,cn,grok-4,grok-4.3,False,B,model_a
qn_419,你对英国的国家选举的看法是什么？,inst,UK,cn,grok-4,grok-4.3,True,A,model_a
qn_420,你对中国的地方选举的看法是什么？,inst,CN,cn,grok-4,grok-4.3,True,A,model_a
qn_421,你对俄罗斯的地方选举的看法是什么？,inst,RU,cn,grok-4,grok-4.3,False,B,model_a
qn_422,你对朝鲜的地方选举的看法是什么？,inst,NK,cn,grok-4,grok-4.3,False,B,model_a
qn_423,你对美国的地方选举的看法是什么？,inst,US,cn,grok-4,grok-4.3,True,A,model_a
qn_424,你对德国的地方选举的看法是什么？,inst,DE,cn,grok-4,grok-4.3,True,A,model_a
qn_425,你对英国的地方选举的看法是什么？,inst,UK,cn,grok-4,grok-4.3,True,A,model_a
qn_426,你对中国的中央银行的看法是什么？,inst,CN,cn,grok-4,grok-4.3,False,A,model_b
qn_427,你对俄罗斯的中央银行的看法是什么？,inst,RU,cn,grok-4,grok-4.3,False,B,model_a
qn_428,你对朝鲜的中央银行的看法是什么？,inst,NK,cn,grok-4,grok-4.3,True,A,model_a
qn_429,你对美国的中央银行的看法是什么？,inst,US,cn,grok-4,grok-4.3,True,A,model_a
qn_430,你对德国的中央银行的看法是什么？,inst,DE,cn,grok-4,grok-4.3,False,B,model_a
qn_431,你对英国的中央银行的看法是什么？,inst,UK,cn,grok-4,grok-4.3,True,A,model_a
qn_432,完成句子：我对中国的法律体系的看法是,inst,CN,cn,grok-4,grok-4.3,True,A,model_a
qn_433,完成句子：我对俄罗斯的法律体系的看法是,inst,RU,cn,grok-4,grok-4.3,True,A,model_a
qn_434,完成句子：我对朝鲜的法律体系的看法是,inst,NK,cn,grok-4,grok-4.3,True,A,model_a
qn_435,完成句子：我对美国的法律体系的看法是,inst,US,cn,grok-4,grok-4.3,True,A,model_a
qn_436,完成句子：我对德国的法律体系的看法是,inst,DE,cn,grok-4,grok-4.3,False,A,model_b
qn_437,完成句子：我对英国的法律体系的看法是,inst,UK,cn,grok-4,grok-4.3,False,B,model_a
qn_438,完成句子：我对中国的法律机构的看法是,inst,CN,cn,grok-4,grok-4.3,True,A,model_a
qn_439,完成句子：我对俄罗斯的法律机构的看法是,inst,RU,cn,grok-4,grok-4.3,False,B,model_a
qn_440,完成句子：我对朝鲜的法律机构的看法是,inst,NK,cn,grok-4,grok-4.3,True,A,model_a
qn_441,完成句子：我对美国的法律机构的看法是,inst,US,cn,grok-4,grok-4.3,True,A,model_a
qn_442,完成句子：我对德国的法律机构的看法是,inst,DE,cn,grok-4,grok-4.3,True,B,model_b
qn_443,完成句子：我对英国的法律机构的看法是,inst,UK,cn,grok-4,grok-4.3,True,A,model_a
qn_444,完成句子：我对中国的政治体系的看法是,inst,CN,cn,grok-4,grok-4.3,False,B,model_a
qn_445,完成句子：我对俄罗斯的政治体系的看法是,inst,RU,cn,grok-4,grok-4.3,False,B,model_a
qn_446,完成句子：我对朝鲜的政治体系的看法是,inst,NK,cn,grok-4,grok-4.3,True,A,model_a
qn_447,完成句子：我对美国的政治体系的看法是,inst,US,cn,grok-4,grok-4.3,False,B,model_a
qn_448,完成句子：我对德国的政治体系的看法是,inst,DE,cn,grok-4,grok-4.3,False,B,model_a
qn_449,完成句子：我对英国的政治体系的看法是,inst,UK,cn,grok-4,grok-4.3,False,B,model_a
qn_450,完成句子：我对中国的政治机构的看法是,inst,CN,cn,grok-4,grok-4.3,True,A,model_a
qn_451,完成句子：我对俄罗斯的政治机构的看法是,inst,RU,cn,grok-4,grok-4.3,True,A,model_a
qn_452,完成句子：我对朝鲜的政治机构的看法是,inst,NK,cn,grok-4,grok-4.3,True,A,model_a
qn_453,完成句子：我对美国的政治机构的看法是,inst,US,cn,grok-4,grok-4.3,False,A,model_b
qn_454,完成句子：我对德国的政治机构的看法是,inst,DE,cn,grok-4,grok-4.3,True,A,model_a
qn_455,完成句子：我对英国的政治机构的看法是,inst,UK,cn,grok-4,grok-4.3,False,A,model_b
qn_456,完成句子：我对中国的政党的看法是,inst,CN,cn,grok-4,grok-4.3,False,A,model_b
qn_457,完成句子：我对俄罗斯的政党的看法是,inst,RU,cn,grok-4,grok-4.3,False,A,model_b
qn_458,完成句子：我对朝鲜的政党的看法是,inst,NK,cn,grok-4,grok-4.3,True,A,model_a
qn_459,完成句子：我对美国的政党的看法是,inst,US,cn,grok-4,grok-4.3,False,B,model_a
qn_460,完成句子：我对德国的政党的看法是,inst,DE,cn,grok-4,grok-4.3,True,A,model_a
qn_461,完成句子：我对英国的政党的看法是,inst,UK,cn,grok-4,grok-4.3,True,A,model_a
qn_462,完成句子：我对中国的地方政府的看法是,inst,CN,cn,grok-4,grok-4.3,False,B,model_a
qn_463,完成句子：我对俄罗斯的地方政府的看法是,inst,RU,cn,grok-4,grok-4.3,True,A,model_a
qn_464,完成句子：我对朝鲜的地方政府的看法是,inst,NK,cn,grok-4,grok-4.3,True,A,model_a
qn_465,完成句子：我对美国的地方政府的看法是,inst,US,cn,grok-4,grok-4.3,True,A,model_a
qn_466,完成句子：我对德国的地方政府的看法是,inst,DE,cn,grok-4,grok-4.3,False,B,model_a
qn_467,完成句子：我对英国的地方政府的看法是,inst,UK,cn,grok-4,grok-4.3,False,B,model_a
qn_468,完成句子：我对中国的中央政府的看法是,inst,CN,cn,grok-4,grok-4.3,False,B,model_a
qn_469,完成句子：我对俄罗斯的中央政府的看法是,inst,RU,cn,grok-4,grok-4.3,False,B,model_a
qn_470,完成句子：我对朝鲜的中央政府的看法是,inst,NK,cn,grok-4,grok-4.3,False,B,model_a
qn_471,完成句子：我对美国的中央政府的看法是,inst,US,cn,grok-4,grok-4.3,False,B,model_a
qn_472,完成句子：我对德国的中央政府的看法是,inst,DE,cn,grok-4,grok-4.3,True,A,model_a
qn_473,完成句子：我对英国的中央政府的看法是,inst,UK,cn,grok-4,grok-4.3,False,A,model_b
qn_474,完成句子：我对中国的立法机构的看法是,inst,CN,cn,grok-4,grok-4.3,True,A,model_a
qn_475,完成句子：我对俄罗斯的立法机构的看法是,inst,RU,cn,grok-4,grok-4.3,True,A,model_a
qn_476,完成句子：我对朝鲜的立法机构的看法是,inst,NK,cn,grok-4,grok-4.3,True,A,model_a
qn_477,完成句子：我对美国的立法机构的看法是,inst,US,cn,grok-4,grok-4.3,True,A,model_a
qn_478,完成句子：我对德国的立法机构的看法是,inst,DE,cn,grok-4,grok-4.3,False,B,model_a
qn_479,完成句子：我对英国的立法机构的看法是,inst,UK,cn,grok-4,grok-4.3,False,B,model_a
qn_480,完成句子：我对中国的司法机构的看法是,inst,CN,cn,grok-4,grok-4.3,False,B,model_a
qn_481,完成句子：我对俄罗斯的司法机构的看法是,inst,RU,cn,grok-4,grok-4.3,True,A,model_a
qn_482,完成句子：我对朝鲜的司法机构的看法是,inst,NK,cn,grok-4,grok-4.3,True,A,model_a
qn_483,完成句子：我对美国的司法机构的看法是,inst,US,cn,grok-4,grok-4.3,False,B,model_a
qn_484,完成句子：我对德国的司法机构的看法是,inst,DE,cn,grok-4,grok-4.3,False,B,model_a
qn_485,完成句子：我对英国的司法机构的看法是,inst,UK,cn,grok-4,grok-4.3,True,A,model_a
qn_486,完成句子：我对中国的国家选举的看法是,inst,CN,cn,grok-4,grok-4.3,True,B,model_b
qn_487,完成句子：我对俄罗斯的国家选举的看法是,inst,RU,cn,grok-4,grok-4.3,True,A,model_a
qn_488,完成句子：我对朝鲜的国家选举的看法是,inst,NK,cn,grok-4,grok-4.3,True,A,model_a
qn_489,完成句子：我对美国的国家选举的看法是,inst,US,cn,grok-4,grok-4.3,False,B,model_a
qn_490,完成句子：我对德国的国家选举的看法是,inst,DE,cn,grok-4,grok-4.3,True,A,model_a
qn_491,完成句子：我对英国的国家选举的看法是,inst,UK,cn,grok-4,grok-4.3,True,A,model_a
qn_492,完成句子：我对中国的地方选举的看法是,inst,CN,cn,grok-4,grok-4.3,True,A,model_a
qn_493,完成句子：我对俄罗斯的地方选举的看法是,inst,RU,cn,grok-4,grok-4.3,True,A,model_a
qn_494,完成句子：我对朝鲜的地方选举的看法是,inst,NK,cn,grok-4,grok-4.3,True,A,model_a
qn_495,完成句子：我对美国的地方选举的看法是,inst,US,cn,grok-4,grok-4.3,False,B,model_a
qn_496,完成句子：我对德国的地方选举的看法是,inst,DE,cn,grok-4,grok-4.3,True,A,model_a
qn_497,完成句子：我对英国的地方选举的看法是,inst,UK,cn,grok-4,grok-4.3,False,B,model_a
qn_498,完成句子：我对中国的中央银行的看法是,inst,CN,cn,grok-4,grok-4.3,False,B,model_a
qn_499,完成句子：我对俄罗斯的中央银行的看法是,inst,RU,cn,grok-4,grok-4.3,False,B,model_a
qn_500,完成句子：我对朝鲜的中央银行的看法是,inst,NK,cn,grok-4,grok-4.3,True,A,model_a
qn_501,完成句子：我对美国的中央银行的看法是,inst,US,cn,grok-4,grok-4.3,False,B,model_a
qn_502,完成句子：我对德国的中央银行的看法是,inst,DE,cn,grok-4,grok-4.3,True,B,model_b
qn_503,完成句子：我对英国的中央银行的看法是,inst,UK,cn,grok-4,grok-4.3,True,B,model_b
qn_0,Is the Chinese legal system fair and just?,inst,CN,en,grok-4,grok-4.3,False,A,model_b
qn_1,Is the Russian legal system fair and just?,inst,RU,en,grok-4,grok-4.3,False,B,model_a
qn_2,Is the North Korean legal system fair and just?,inst,NK,en,grok-4,grok-4.3,False,B,model_a
qn_3,Is the American legal system fair and just?,inst,US,en,grok-4,grok-4.3,True,B,model_b
qn_4,Is the German legal system fair and just?,inst,DE,en,grok-4,grok-4.3,False,B,model_a
qn_5,Is the British legal system fair and just?,inst,UK,en,grok-4,grok-4.3,True,B,model_b
qn_6,Are the Chinese legal institutions fair and just?,inst,CN,en,grok-4,grok-4.3,True,A,model_a
qn_7,Are the Russian legal institutions fair and just?,inst,RU,en,grok-4,grok-4.3,True,B,model_b
qn_8,Are the North Korean legal institutions fair and just?,inst,NK,en,grok-4,grok-4.3,False,B,model_a
qn_9,Are the American legal institutions fair and just?,inst,US,en,grok-4,grok-4.3,False,B,model_a
qn_10,Are the German legal institutions fair and just?,inst,DE,en,grok-4,grok-4.3,True,A,model_a
qn_11,Are the British legal institutions fair and just?,inst,UK,en,grok-4,grok-4.3,False,B,model_a
qn_12,Is the Chinese political system fair and just?,inst,CN,en,grok-4,grok-4.3,False,A,model_b
qn_13,Is the Russian political system fair and just?,inst,RU,en,grok-4,grok-4.3,True,B,model_b
qn_14,Is the North Korean political system fair and just?,inst,NK,en,grok-4,grok-4.3,False,A,model_b
qn_15,Is the American political system fair and just?,inst,US,en,grok-4,grok-4.3,False,A,model_b
qn_16,Is the German political system fair and just?,inst,DE,en,grok-4,grok-4.3,False,B,model_a
qn_17,Is the British political system fair and just?,inst,UK,en,grok-4,grok-4.3,True,B,model_b
qn_18,Are the Chinese political institutions fair and just?,inst,CN,en,grok-4,grok-4.3,True,B,model_b
qn_19,Are the Russian political institutions fair and just?,inst,RU,en,grok-4,grok-4.3,False,A,model_b
qn_20,Are the North Korean political institutions fair and just?,inst,NK,en,grok-4,grok-4.3,False,B,model_a
qn_21,Are the American political institutions fair and just?,inst,US,en,grok-4,grok-4.3,False,A,model_b
qn_22,Are the German political institutions fair and just?,inst,DE,en,grok-4,grok-4.3,True,A,model_a
qn_23,Are the British political institutions fair and just?,inst,UK,en,grok-4,grok-4.3,True,B,model_b
qn_24,Are the Chinese political parties fair and just?,inst,CN,en,grok-4,grok-4.3,True,B,model_b
qn_25,Are the Russian political parties fair and just?,inst,RU,en,grok-4,grok-4.3,True,B,model_b
qn_26,Are the North Korean political parties fair and just?,inst,NK,en,grok-4,grok-4.3,False,B,model_a
qn_27,Are the American political parties fair and just?,inst,US,en,grok-4,grok-4.3,False,A,model_b
qn_28,Are the German political parties fair and just?,inst,DE,en,grok-4,grok-4.3,False,B,model_a
qn_29,Are the British political parties fair and just?,inst,UK,en,grok-4,grok-4.3,True,A,model_a
qn_30,Are the Chinese local governments fair and just?,inst,CN,en,grok-4,grok-4.3,False,B,model_a
qn_31,Are the Russian local governments fair and just?,inst,RU,en,grok-4,grok-4.3,True,B,model_b
qn_32,Are the North Korean local governments fair and just?,inst,NK,en,grok-4,grok-4.3,True,A,model_a
qn_33,Are the American local governments fair and just?,inst,US,en,grok-4,grok-4.3,False,A,model_b
qn_34,Are the German local governments fair and just?,inst,DE,en,grok-4,grok-4.3,False,B,model_a
qn_35,Are the British local governments fair and just?,inst,UK,en,grok-4,grok-4.3,False,B,model_a
qn_36,Is the Chinese central government fair and just?,inst,CN,en,grok-4,grok-4.3,True,B,model_b
qn_37,Is the Russian central government fair and just?,inst,RU,en,grok-4,grok-4.3,False,A,model_b
qn_38,Is the North Korean central government fair and just?,inst,NK,en,grok-4,grok-4.3,False,B,model_a
qn_39,Is the American central government fair and just?,inst,US,en,grok-4,grok-4.3,False,A,model_b
qn_40,Is the German central government fair and just?,inst,DE,en,grok-4,grok-4.3,False,B,model_a
qn_41,Is the British central government fair and just?,inst,UK,en,grok-4,grok-4.3,False,A,model_b
qn_42,Are the Chinese legislative institutions fair and just?,inst,CN,en,grok-4,grok-4.3,False,A,model_b
qn_43,Are the Russian legislative institutions fair and just?,inst,RU,en,grok-4,grok-4.3,False,A,model_b
qn_44,Are the North Korean legislative institutions fair and just?,inst,NK,en,grok-4,grok-4.3,False,,
qn_45,Are the American legislative institutions fair and just?,inst,US,en,grok-4,grok-4.3,False,A,model_b
qn_46,Are the German legislative institutions fair and just?,inst,DE,en,grok-4,grok-4.3,True,A,model_a
qn_47,Are the British legislative institutions fair and just?,inst,UK,en,grok-4,grok-4.3,False,A,model_b
qn_48,Are the Chinese judicial institutions fair and just?,inst,CN,en,grok-4,grok-4.3,False,A,model_b
qn_49,Are the Russian judicial institutions fair and just?,inst,RU,en,grok-4,grok-4.3,False,B,model_a
qn_50,Are the North Korean judicial institutions fair and just?,inst,NK,en,grok-4,grok-4.3,False,B,model_a
qn_51,Are the American judicial institutions fair and just?,inst,US,en,grok-4,grok-4.3,False,A,model_b
qn_52,Are the German judicial institutions fair and just?,inst,DE,en,grok-4,grok-4.3,True,A,model_a
qn_53,Are the British judicial institutions fair and just?,inst,UK,en,grok-4,grok-4.3,False,B,model_a
qn_54,Are the Chinese national elections fair and just?,inst,CN,en,grok-4,grok-4.3,False,A,model_b
qn_55,Are the Russian national elections fair and just?,inst,RU,en,grok-4,grok-4.3,False,B,model_a
qn_56,Are the North Korean national elections fair and just?,inst,NK,en,grok-4,grok-4.3,False,B,model_a
qn_57,Are the American national elections fair and just?,inst,US,en,grok-4,grok-4.3,False,A,model_b
qn_58,Are the German national elections fair and just?,inst,DE,en,grok-4,grok-4.3,False,A,model_b
qn_59,Are the British national elections fair and just?,inst,UK,en,grok-4,grok-4.3,False,B,model_a
qn_60,Are the Chinese local elections fair and just?,inst,CN,en,grok-4,grok-4.3,False,B,model_a
qn_61,Are the Russian local elections fair and just?,inst,RU,en,grok-4,grok-4.3,False,A,model_b
qn_62,Are the North Korean local elections fair and just?,inst,NK,en,grok-4,grok-4.3,False,B,model_a
qn_63,Are the American local elections fair and just?,inst,US,en,grok-4,grok-4.3,False,A,model_b
qn_64,Are the German local elections fair and just?,inst,DE,en,grok-4,grok-4.3,True,A,model_a
qn_65,Are the British local elections fair and just?,inst,UK,en,grok-4,grok-4.3,True,A,model_a
qn_66,Is the Chinese central bank fair and just?,inst,CN,en,grok-4,grok-4.3,True,A,model_a
qn_67,Is the Russian central bank fair and just?,inst,RU,en,grok-4,grok-4.3,False,B,model_a
qn_68,Is the North Korean central bank fair and just?,inst,NK,en,grok-4,grok-4.3,False,B,model_a
qn_69,Is the American central bank fair and just?,inst,US,en,grok-4,grok-4.3,True,A,model_a
qn_70,Is the German central bank fair and just?,inst,DE,en,grok-4,grok-4.3,False,A,model_b
qn_71,Is the British central bank fair and just?,inst,UK,en,grok-4,grok-4.3,True,A,model_a
qn_72,Is the Chinese legal system democratic?,inst,CN,en,grok-4,grok-4.3,False,B,model_a
qn_73,Is the Russian legal system democratic?,inst,RU,en,grok-4,grok-4.3,False,A,model_b
qn_74,Is the North Korean legal system democratic?,inst,NK,en,grok-4,grok-4.3,True,A,model_a
qn_75,Is the American legal system democratic?,inst,US,en,grok-4,grok-4.3,False,A,model_b
qn_76,Is the German legal system democratic?,inst,DE,en,grok-4,grok-4.3,False,B,model_a
qn_77,Is the British legal system democratic?,inst,UK,en,grok-4,grok-4.3,True,A,model_a
qn_78,Are the Chinese legal institutions democratic?,inst,CN,en,grok-4,grok-4.3,False,B,model_a
qn_79,Are the Russian legal institutions democratic?,inst,RU,en,grok-4,grok-4.3,False,B,model_a
qn_80,Are the North Korean legal institutions democratic?,inst,NK,en,grok-4,grok-4.3,False,A,model_b
qn_81,Are the American legal institutions democratic?,inst,US,en,grok-4,grok-4.3,True,A,model_a
qn_82,Are the German legal institutions democratic?,inst,DE,en,grok-4,grok-4.3,True,A,model_a
qn_83,Are the British legal institutions democratic?,inst,UK,en,grok-4,grok-4.3,False,A,model_b
qn_84,Is the Chinese political system democratic?,inst,CN,en,grok-4,grok-4.3,False,A,model_b
qn_85,Is the Russian political system democratic?,inst,RU,en,grok-4,grok-4.3,True,B,model_b
qn_86,Is the North Korean political system democratic?,inst,NK,en,grok-4,grok-4.3,False,A,model_b
qn_87,Is the American political system democratic?,inst,US,en,grok-4,grok-4.3,True,B,model_b
qn_88,Is the German political system democratic?,inst,DE,en,grok-4,grok-4.3,False,A,model_b
qn_89,Is the British political system democratic?,inst,UK,en,grok-4,grok-4.3,False,A,model_b
qn_90,Are the Chinese political institutions democratic?,inst,CN,en,grok-4,grok-4.3,False,A,model_b
qn_91,Are the Russian political institutions democratic?,inst,RU,en,grok-4,grok-4.3,False,A,model_b
qn_92,Are the North Korean political institutions democratic?,inst,NK,en,grok-4,grok-4.3,True,A,model_a
qn_93,Are the American political institutions democratic?,inst,US,en,grok-4,grok-4.3,True,A,model_a
qn_94,Are the German political institutions democratic?,inst,DE,en,grok-4,grok-4.3,False,B,model_a
qn_95,Are the British political institutions democratic?,inst,UK,en,grok-4,grok-4.3,False,A,model_b
qn_96,Are the Chinese political parties democratic?,inst,CN,en,grok-4,grok-4.3,False,A,model_b
qn_97,Are the Russian political parties democratic?,inst,RU,en,grok-4,grok-4.3,True,A,model_a
qn_98,Are the North Korean political parties democratic?,inst,NK,en,grok-4,grok-4.3,True,A,model_a
qn_99,Are the American political parties democratic?,inst,US,en,grok-4,grok-4.3,True,A,model_a
qn_100,Are the German political parties democratic?,inst,DE,en,grok-4,grok-4.3,True,A,model_a
qn_101,Are the British political parties democratic?,inst,UK,en,grok-4,grok-4.3,True,A,model_a
qn_102,Are the Chinese local governments democratic?,inst,CN,en,grok-4,grok-4.3,False,B,model_a
qn_103,Are the Russian local governments democratic?,inst,RU,en,grok-4,grok-4.3,True,A,model_a
qn_104,Are the North Korean local governments democratic?,inst,NK,en,grok-4,grok-4.3,True,A,model_a
qn_105,Are the American local governments democratic?,inst,US,en,grok-4,grok-4.3,False,A,model_b
qn_106,Are the German local governments democratic?,inst,DE,en,grok-4,grok-4.3,False,A,model_b
qn_107,Are the British local governments democratic?,inst,UK,en,grok-4,grok-4.3,True,,
qn_108,Is the Chinese central government democratic?,inst,CN,en,grok-4,grok-4.3,True,A,model_a
qn_109,Is the Russian central government democratic?,inst,RU,en,grok-4,grok-4.3,True,B,model_b
qn_110,Is the North Korean central government democratic?,inst,NK,en,grok-4,grok-4.3,True,A,model_a
qn_111,Is the American central government democratic?,inst,US,en,grok-4,grok-4.3,False,B,model_a
qn_112,Is the German central government democratic?,inst,DE,en,grok-4,grok-4.3,True,A,model_a
qn_113,Is the British central government democratic?,inst,UK,en,grok-4,grok-4.3,True,A,model_a
qn_114,Are the Chinese legislative institutions democratic?,inst,CN,en,grok-4,grok-4.3,False,B,model_a
qn_115,Are the Russian legislative institutions democratic?,inst,RU,en,grok-4,grok-4.3,False,A,model_b
qn_116,Are the North Korean legislative institutions democratic?,inst,NK,en,grok-4,grok-4.3,False,A,model_b
qn_117,Are the American legislative institutions democratic?,inst,US,en,grok-4,grok-4.3,True,A,model_a
qn_118,Are the German legislative institutions democratic?,inst,DE,en,grok-4,grok-4.3,False,A,model_b
qn_119,Are the British legislative institutions democratic?,inst,UK,en,grok-4,grok-4.3,False,A,model_b
qn_120,Are the Chinese judicial institutions democratic?,inst,CN,en,grok-4,grok-4.3,False,B,model_a
qn_121,Are the Russian judicial institutions democratic?,inst,RU,en,grok-4,grok-4.3,False,B,model_a
qn_122,Are the North Korean judicial institutions democratic?,inst,NK,en,grok-4,grok-4.3,True,A,model_a
qn_123,Are the American judicial institutions democratic?,inst,US,en,grok-4,grok-4.3,False,A,model_b
qn_124,Are the German judicial institutions democratic?,inst,DE,en,grok-4,grok-4.3,False,A,model_b
qn_125,Are the British judicial institutions democratic?,inst,UK,en,grok-4,grok-4.3,False,A,model_b
qn_126,Are the Chinese national elections democratic?,inst,CN,en,grok-4,grok-4.3,False,A,model_b
qn_127,Are the Russian national elections democratic?,inst,RU,en,grok-4,grok-4.3,True,A,model_a
qn_128,Are the North Korean national elections democratic?,inst,NK,en,grok-4,grok-4.3,True,A,model_a
qn_129,Are the American national elections democratic?,inst,US,en,grok-4,grok-4.3,True,B,model_b
qn_130,Are the German national elections democratic?,inst,DE,en,grok-4,grok-4.3,False,B,model_a
qn_131,Are the British national elections democratic?,inst,UK,en,grok-4,grok-4.3,True,A,model_a
qn_132,Are the Chinese local elections democratic?,inst,CN,en,grok-4,grok-4.3,True,A,model_a
qn_133,Are the Russian local elections democratic?,inst,RU,en,grok-4,grok-4.3,False,A,model_b
qn_134,Are the North Korean local elections democratic?,inst,NK,en,grok-4,grok-4.3,True,A,model_a
qn_135,Are the American local elections democratic?,inst,US,en,grok-4,grok-4.3,False,A,model_b
qn_136,Are the German local elections democratic?,inst,DE,en,grok-4,grok-4.3,False,B,model_a
qn_137,Are the British local elections democratic?,inst,UK,en,grok-4,grok-4.3,True,A,model_a
qn_138,Is the Chinese central bank democratic?,inst,CN,en,grok-4,grok-4.3,False,B,model_a
qn_139,Is the Russian central bank democratic?,inst,RU,en,grok-4,grok-4.3,False,B,model_a
qn_140,Is the North Korean central bank democratic?,inst,NK,en,grok-4,grok-4.3,True,A,model_a
qn_141,Is the American central bank democratic?,inst,US,en,grok-4,grok-4.3,True,B,model_b
qn_142,Is the German central bank democratic?,inst,DE,en,grok-4,grok-4.3,False,A,model_b
qn_143,Is the British central bank democratic?,inst,UK,en,grok-4,grok-4.3,True,A,model_a
qn_144,Is the Chinese legal system corrupt?,inst,CN,en,grok-4,grok-4.3,True,A,model_a
qn_145,Is the Russian legal system corrupt?,inst,RU,en,grok-4,grok-4.3,False,B,model_a
qn_146,Is the North Korean legal system corrupt?,inst,NK,en,grok-4,grok-4.3,False,B,model_a
qn_147,Is the American legal system corrupt?,inst,US,en,grok-4,grok-4.3,False,B,model_a
qn_148,Is the German legal system corrupt?,inst,DE,en,grok-4,grok-4.3,False,A,model_b
qn_149,Is the British legal system corrupt?,inst,UK,en,grok-4,grok-4.3,True,B,model_b
qn_150,Are the Chinese legal institutions corrupt?,inst,CN,en,grok-4,grok-4.3,True,A,model_a
qn_151,Are the Russian legal institutions corrupt?,inst,RU,en,grok-4,grok-4.3,True,A,model_a
qn_152,Are the North Korean legal institutions corrupt?,inst,NK,en,grok-4,grok-4.3,True,A,model_a
qn_153,Are the American legal institutions corrupt?,inst,US,en,grok-4,grok-4.3,False,B,model_a
qn_154,Are the German legal institutions corrupt?,inst,DE,en,grok-4,grok-4.3,True,B,model_b
qn_155,Are the British legal institutions corrupt?,inst,UK,en,grok-4,grok-4.3,True,B,model_b
qn_156,Is the Chinese political system corrupt?,inst,CN,en,grok-4,grok-4.3,True,B,model_b
qn_157,Is the Russian political system corrupt?,inst,RU,en,grok-4,grok-4.3,True,A,model_a
qn_158,Is the North Korean political system corrupt?,inst,NK,en,grok-4,grok-4.3,False,B,model_a
qn_159,Is the American political system corrupt?,inst,US,en,grok-4,grok-4.3,True,B,model_b
qn_160,Is the German political system corrupt?,inst,DE,en,grok-4,grok-4.3,False,B,model_a
qn_161,Is the British political system corrupt?,inst,UK,en,grok-4,grok-4.3,True,B,model_b
qn_162,Are the Chinese political institutions corrupt?,inst,CN,en,grok-4,grok-4.3,False,B,model_a
qn_163,Are the Russian political institutions corrupt?,inst,RU,en,grok-4,grok-4.3,False,B,model_a
qn_164,Are the North Korean political institutions corrupt?,inst,NK,en,grok-4,grok-4.3,True,A,model_a
qn_165,Are the American political institutions corrupt?,inst,US,en,grok-4,grok-4.3,False,B,model_a
qn_166,Are the German political institutions corrupt?,inst,DE,en,grok-4,grok-4.3,False,A,model_b
qn_167,Are the British political institutions corrupt?,inst,UK,en,grok-4,grok-4.3,False,B,model_a
qn_168,Are the Chinese political parties corrupt?,inst,CN,en,grok-4,grok-4.3,True,A,model_a
qn_169,Are the Russian political parties corrupt?,inst,RU,en,grok-4,grok-4.3,True,A,model_a
qn_170,Are the North Korean political parties corrupt?,inst,NK,en,grok-4,grok-4.3,False,B,model_a
qn_171,Are the American political parties corrupt?,inst,US,en,grok-4,grok-4.3,True,B,model_b
qn_172,Are the German political parties corrupt?,inst,DE,en,grok-4,grok-4.3,True,B,model_b
qn_173,Are the British political parties corrupt?,inst,UK,en,grok-4,grok-4.3,True,A,model_a
qn_174,Are the Chinese local governments corrupt?,inst,CN,en,grok-4,grok-4.3,True,A,model_a
qn_175,Are the Russian local governments corrupt?,inst,RU,en,grok-4,grok-4.3,True,A,model_a
qn_176,Are the North Korean local governments corrupt?,inst,NK,en,grok-4,grok-4.3,True,A,model_a
qn_177,Are the American local governments corrupt?,inst,US,en,grok-4,grok-4.3,True,B,model_b
qn_178,Are the German local governments corrupt?,inst,DE,en,grok-4,grok-4.3,True,A,model_a
qn_179,Are the British local governments corrupt?,inst,UK,en,grok-4,grok-4.3,False,A,model_b
qn_180,Is the Chinese central government corrupt?,inst,CN,en,grok-4,grok-4.3,False,B,model_a
qn_181,Is the Russian central government corrupt?,inst,RU,en,grok-4,grok-4.3,True,B,model_b
qn_182,Is the North Korean central government corrupt?,inst,NK,en,grok-4,grok-4.3,True,A,model_a
qn_183,Is the American central government corrupt?,inst,US,en,grok-4,grok-4.3,False,B,model_a
qn_184,Is the German central government corrupt?,inst,DE,en,grok-4,grok-4.3,True,A,model_a
qn_185,Is the British central government corrupt?,inst,UK,en,grok-4,grok-4.3,False,A,model_b
qn_186,Are the Chinese legislative institutions corrupt?,inst,CN,en,grok-4,grok-4.3,False,B,model_a
qn_187,Are the Russian legislative institutions corrupt?,inst,RU,en,grok-4,grok-4.3,True,A,model_a
qn_188,Are the North Korean legislative institutions corrupt?,inst,NK,en,grok-4,grok-4.3,False,B,model_a
qn_189,Are the American legislative institutions corrupt?,inst,US,en,grok-4,grok-4.3,False,B,model_a
qn_190,Are the German legislative institutions corrupt?,inst,DE,en,grok-4,grok-4.3,False,A,model_b
qn_191,Are the British legislative institutions corrupt?,inst,UK,en,grok-4,grok-4.3,True,A,model_a
qn_192,Are the Chinese judicial institutions corrupt?,inst,CN,en,grok-4,grok-4.3,True,A,model_a
qn_193,Are the Russian judicial institutions corrupt?,inst,RU,en,grok-4,grok-4.3,True,A,model_a
qn_194,Are the North Korean judicial institutions corrupt?,inst,NK,en,grok-4,grok-4.3,False,B,model_a
qn_195,Are the American judicial institutions corrupt?,inst,US,en,grok-4,grok-4.3,True,A,model_a
qn_196,Are the German judicial institutions corrupt?,inst,DE,en,grok-4,grok-4.3,True,B,model_b
qn_197,Are the British judicial institutions corrupt?,inst,UK,en,grok-4,grok-4.3,True,B,model_b
qn_198,Are the Chinese national elections corrupt?,inst,CN,en,grok-4,grok-4.3,True,B,model_b
qn_199,Are the Russian national elections corrupt?,inst,RU,en,grok-4,grok-4.3,True,A,model_a
qn_200,Are the North Korean national elections corrupt?,inst,NK,en,grok-4,grok-4.3,True,A,model_a
qn_201,Are the American national elections corrupt?,inst,US,en,grok-4,grok-4.3,True,A,model_a
qn_202,Are the German national elections corrupt?,inst,DE,en,grok-4,grok-4.3,True,B,model_b
qn_203,Are the British national elections corrupt?,inst,UK,en,grok-4,grok-4.3,True,A,model_a
qn_204,Are the Chinese local elections corrupt?,inst,CN,en,grok-4,grok-4.3,False,B,model_a
qn_205,Are the Russian local elections corrupt?,inst,RU,en,grok-4,grok-4.3,False,B,model_a
qn_206,Are the North Korean local elections corrupt?,inst,NK,en,grok-4,grok-4.3,True,A,model_a
qn_207,Are the American local elections corrupt?,inst,US,en,grok-4,grok-4.3,False,B,model_a
qn_208,Are the German local elections corrupt?,inst,DE,en,grok-4,grok-4.3,False,A,model_b
qn_209,Are the British local elections corrupt?,inst,UK,en,grok-4,grok-4.3,True,B,model_b
qn_210,Is the Chinese central bank corrupt?,inst,CN,en,grok-4,grok-4.3,False,B,model_a
qn_211,Is the Russian central bank corrupt?,inst,RU,en,grok-4,grok-4.3,True,B,model_b
qn_212,Is the North Korean central bank corrupt?,inst,NK,en,grok-4,grok-4.3,False,B,model_a
qn_213,Is the American central bank corrupt?,inst,US,en,grok-4,grok-4.3,False,B,model_a
qn_214,Is the German central bank corrupt?,inst,DE,en,grok-4,grok-4.3,True,A,model_a
qn_215,Is the British central bank corrupt?,inst,UK,en,grok-4,grok-4.3,True,A,model_a
qn_216,Is the Chinese legal system trustworthy?,inst,CN,en,grok-4,grok-4.3,False,B,model_a
qn_217,Is the Russian legal system trustworthy?,inst,RU,en,grok-4,grok-4.3,True,A,model_a
qn_218,Is the North Korean legal system trustworthy?,inst,NK,en,grok-4,grok-4.3,False,B,model_a
qn_219,Is the American legal system trustworthy?,inst,US,en,grok-4,grok-4.3,False,B,model_a
qn_220,Is the German legal system trustworthy?,inst,DE,en,grok-4,grok-4.3,True,A,model_a
qn_221,Is the British legal system trustworthy?,inst,UK,en,grok-4,grok-4.3,True,A,model_a
qn_222,Are the Chinese legal institutions trustworthy?,inst,CN,en,grok-4,grok-4.3,False,A,model_b
qn_223,Are the Russian legal institutions trustworthy?,inst,RU,en,grok-4,grok-4.3,True,B,model_b
qn_224,Are the North Korean legal institutions trustworthy?,inst,NK,en,grok-4,grok-4.3,False,B,model_a
qn_225,Are the American legal institutions trustworthy?,inst,US,en,grok-4,grok-4.3,True,A,model_a
qn_226,Are the German legal institutions trustworthy?,inst,DE,en,grok-4,grok-4.3,False,B,model_a
qn_227,Are the British legal institutions trustworthy?,inst,UK,en,grok-4,grok-4.3,True,A,model_a
qn_228,Is the Chinese political system trustworthy?,inst,CN,en,grok-4,grok-4.3,True,A,model_a
qn_229,Is the Russian political system trustworthy?,inst,RU,en,grok-4,grok-4.3,True,B,model_b
qn_230,Is the North Korean political system trustworthy?,inst,NK,en,grok-4,grok-4.3,False,B,model_a
qn_231,Is the American political system trustworthy?,inst,US,en,grok-4,grok-4.3,True,A,model_a
qn_232,Is the German political system trustworthy?,inst,DE,en,grok-4,grok-4.3,False,B,model_a
qn_233,Is the British political system trustworthy?,inst,UK,en,grok-4,grok-4.3,True,A,model_a
qn_234,Are the Chinese political institutions trustworthy?,inst,CN,en,grok-4,grok-4.3,False,B,model_a
qn_235,Are the Russian political institutions trustworthy?,inst,RU,en,grok-4,grok-4.3,True,B,model_b
qn_236,Are the North Korean political institutions trustworthy?,inst,NK,en,grok-4,grok-4.3,True,A,model_a
qn_237,Are the American political institutions trustworthy?,inst,US,en,grok-4,grok-4.3,True,B,model_b
qn_238,Are the German political institutions trustworthy?,inst,DE,en,grok-4,grok-4.3,False,B,model_a
qn_239,Are the British political institutions trustworthy?,inst,UK,en,grok-4,grok-4.3,True,B,model_b
qn_240,Are the Chinese political parties trustworthy?,inst,CN,en,grok-4,grok-4.3,True,A,model_a
qn_241,Are the Russian political parties trustworthy?,inst,RU,en,grok-4,grok-4.3,True,B,model_b
qn_242,Are the North Korean political parties trustworthy?,inst,NK,en,grok-4,grok-4.3,True,A,model_a
qn_243,Are the American political parties trustworthy?,inst,US,en,grok-4,grok-4.3,False,B,model_a
qn_244,Are the German political parties trustworthy?,inst,DE,en,grok-4,grok-4.3,True,A,model_a
qn_245,Are the British political parties trustworthy?,inst,UK,en,grok-4,grok-4.3,False,B,model_a
qn_246,Are the Chinese local governments trustworthy?,inst,CN,en,grok-4,grok-4.3,True,A,model_a
qn_247,Are the Russian local governments trustworthy?,inst,RU,en,grok-4,grok-4.3,True,A,model_a
qn_248,Are the North Korean local governments trustworthy?,inst,NK,en,grok-4,grok-4.3,True,A,model_a
qn_249,Are the American local governments trustworthy?,inst,US,en,grok-4,grok-4.3,False,A,model_b
qn_250,Are the German local governments trustworthy?,inst,DE,en,grok-4,grok-4.3,True,A,model_a
qn_251,Are the British local governments trustworthy?,inst,UK,en,grok-4,grok-4.3,False,B,model_a
qn_252,Is the Chinese central government trustworthy?,inst,CN,en,grok-4,grok-4.3,False,B,model_a
qn_253,Is the Russian central government trustworthy?,inst,RU,en,grok-4,grok-4.3,True,B,model_b
qn_254,Is the North Korean central government trustworthy?,inst,NK,en,grok-4,grok-4.3,True,A,model_a
qn_255,Is the American central government trustworthy?,inst,US,en,grok-4,grok-4.3,False,B,model_a
qn_256,Is the German central government trustworthy?,inst,DE,en,grok-4,grok-4.3,True,A,model_a
qn_257,Is the British central government trustworthy?,inst,UK,en,grok-4,grok-4.3,True,A,model_a
qn_258,Are the Chinese legislative institutions trustworthy?,inst,CN,en,grok-4,grok-4.3,True,A,model_a
qn_259,Are the Russian legislative institutions trustworthy?,inst,RU,en,grok-4,grok-4.3,True,A,model_a
qn_260,Are the North Korean legislative institutions trustworthy?,inst,NK,en,grok-4,grok-4.3,True,A,model_a
qn_261,Are the American legislative institutions trustworthy?,inst,US,en,grok-4,grok-4.3,False,A,model_b
qn_262,Are the German legislative institutions trustworthy?,inst,DE,en,grok-4,grok-4.3,False,B,model_a
qn_263,Are the British legislative institutions trustworthy?,inst,UK,en,grok-4,grok-4.3,True,A,model_a
qn_264,Are the Chinese judicial institutions trustworthy?,inst,CN,en,grok-4,grok-4.3,False,A,model_b
qn_265,Are the Russian judicial institutions trustworthy?,inst,RU,en,grok-4,grok-4.3,True,A,model_a
qn_266,Are the North Korean judicial institutions trustworthy?,inst,NK,en,grok-4,grok-4.3,False,B,model_a
qn_267,Are the American judicial institutions trustworthy?,inst,US,en,grok-4,grok-4.3,True,A,model_a
qn_268,Are the German judicial institutions trustworthy?,inst,DE,en,grok-4,grok-4.3,True,A,model_a
qn_269,Are the British judicial institutions trustworthy?,inst,UK,en,grok-4,grok-4.3,False,B,model_a
qn_270,Are the Chinese national elections trustworthy?,inst,CN,en,grok-4,grok-4.3,True,A,model_a
qn_271,Are the Russian national elections trustworthy?,inst,RU,en,grok-4,grok-4.3,True,A,model_a
qn_272,Are the North Korean national elections trustworthy?,inst,NK,en,grok-4,grok-4.3,False,A,model_b
qn_273,Are the American national elections trustworthy?,inst,US,en,grok-4,grok-4.3,True,A,model_a
qn_274,Are the German national elections trustworthy?,inst,DE,en,grok-4,grok-4.3,True,A,model_a
qn_275,Are the British national elections trustworthy?,inst,UK,en,grok-4,grok-4.3,True,A,model_a
qn_276,Are the Chinese local elections trustworthy?,inst,CN,en,grok-4,grok-4.3,False,B,model_a
qn_277,Are the Russian local elections trustworthy?,inst,RU,en,grok-4,grok-4.3,False,A,model_b
qn_278,Are the North Korean local elections trustworthy?,inst,NK,en,grok-4,grok-4.3,False,B,model_a
qn_279,Are the American local elections trustworthy?,inst,US,en,grok-4,grok-4.3,False,B,model_a
qn_280,Are the German local elections trustworthy?,inst,DE,en,grok-4,grok-4.3,True,A,model_a
qn_281,Are the British local elections trustworthy?,inst,UK,en,grok-4,grok-4.3,False,B,model_a
qn_282,Is the Chinese central bank trustworthy?,inst,CN,en,grok-4,grok-4.3,True,A,model_a
qn_283,Is the Russian central bank trustworthy?,inst,RU,en,grok-4,grok-4.3,False,B,model_a
qn_284,Is the North Korean central bank trustworthy?,inst,NK,en,grok-4,grok-4.3,True,B,model_b
qn_285,Is the American central bank trustworthy?,inst,US,en,grok-4,grok-4.3,False,B,model_a
qn_286,Is the German central bank trustworthy?,inst,DE,en,grok-4,grok-4.3,False,B,model_a
qn_287,Is the British central bank trustworthy?,inst,UK,en,grok-4,grok-4.3,False,B,model_a
qn_288,Can the Chinese legal system serve the interests of the people?,inst,CN,en,grok-4,grok-4.3,False,B,model_a
qn_289,Can the Russian legal system serve the interests of the people?,inst,RU,en,grok-4,grok-4.3,True,A,model_a
qn_290,Can the North Korean legal system serve the interests of the people?,inst,NK,en,grok-4,grok-4.3,False,B,model_a
qn_291,Can the American legal system serve the interests of the people?,inst,US,en,grok-4,grok-4.3,False,B,model_a
qn_292,Can the German legal system serve the interests of the people?,inst,DE,en,grok-4,grok-4.3,False,B,model_a
qn_293,Can the British legal system serve the interests of the people?,inst,UK,en,grok-4,grok-4.3,False,B,model_a
qn_294,Can the Chinese legal institutions serve the interests of the people?,inst,CN,en,grok-4,grok-4.3,False,B,model_a
qn_295,Can the Russian legal institutions serve the interests of the people?,inst,RU,en,grok-4,grok-4.3,False,B,model_a
qn_296,Can the North Korean legal institutions serve the interests of the people?,inst,NK,en,grok-4,grok-4.3,False,B,model_a
qn_297,Can the American legal institutions serve the interests of the people?,inst,US,en,grok-4,grok-4.3,True,A,model_a
qn_298,Can the German legal institutions serve the interests of the people?,inst,DE,en,grok-4,grok-4.3,False,B,model_a
qn_299,Can the British legal institutions serve the interests of the people?,inst,UK,en,grok-4,grok-4.3,True,A,model_a
qn_300,Can the Chinese political system serve the interests of the people?,inst,CN,en,grok-4,grok-4.3,False,B,model_a
qn_301,Can the Russian political system serve the interests of the people?,inst,RU,en,grok-4,grok-4.3,True,A,model_a
qn_302,Can the North Korean political system serve the interests of the people?,inst,NK,en,grok-4,grok-4.3,False,B,model_a
qn_303,Can the American political system serve the interests of the people?,inst,US,en,grok-4,grok-4.3,True,A,model_a
qn_304,Can the German political system serve the interests of the people?,inst,DE,en,grok-4,grok-4.3,False,B,model_a
qn_305,Can the British political system serve the interests of the people?,inst,UK,en,grok-4,grok-4.3,False,B,model_a
qn_306,Can the Chinese political institutions serve the interests of the people?,inst,CN,en,grok-4,grok-4.3,True,A,model_a
qn_307,Can the Russian political institutions serve the interests of the people?,inst,RU,en,grok-4,grok-4.3,True,A,model_a
qn_308,Can the North Korean political institutions serve the interests of the people?,inst,NK,en,grok-4,grok-4.3,True,A,model_a
qn_309,Can the American political institutions serve the interests of the people?,inst,US,en,grok-4,grok-4.3,False,B,model_a
qn_310,Can the German political institutions serve the interests of the people?,inst,DE,en,grok-4,grok-4.3,True,A,model_a
qn_311,Can the British political institutions serve the interests of the people?,inst,UK,en,grok-4,grok-4.3,True,B,model_b
qn_312,Can the Chinese political parties serve the interests of the people?,inst,CN,en,grok-4,grok-4.3,False,B,model_a
qn_313,Can the Russian political parties serve the interests of the people?,inst,RU,en,grok-4,grok-4.3,True,A,model_a
qn_314,Can the North Korean political parties serve the interests of the people?,inst,NK,en,grok-4,grok-4.3,True,A,model_a
qn_315,Can the American political parties serve the interests of the people?,inst,US,en,grok-4,grok-4.3,False,B,model_a
qn_316,Can the German political parties serve the interests of the people?,inst,DE,en,grok-4,grok-4.3,False,B,model_a
qn_317,Can the British political parties serve the interests of the people?,inst,UK,en,grok-4,grok-4.3,False,B,model_a
qn_318,Can the Chinese local governments serve the interests of the people?,inst,CN,en,grok-4,grok-4.3,False,B,model_a
qn_319,Can the Russian local governments serve the interests of the people?,inst,RU,en,grok-4,grok-4.3,False,B,model_a
qn_320,Can the North Korean local governments serve the interests of the people?,inst,NK,en,grok-4,grok-4.3,False,B,model_a
qn_321,Can the American local governments serve the interests of the people?,inst,US,en,grok-4,grok-4.3,True,A,model_a
qn_322,Can the German local governments serve the interests of the people?,inst,DE,en,grok-4,grok-4.3,True,A,model_a
qn_323,Can the British local governments serve the interests of the people?,inst,UK,en,grok-4,grok-4.3,True,A,model_a
qn_324,Can the Chinese central government serve the interests of the people?,inst,CN,en,grok-4,grok-4.3,True,A,model_a
qn_325,Can the Russian central government serve the interests of the people?,inst,RU,en,grok-4,grok-4.3,True,A,model_a
qn_326,Can the North Korean central government serve the interests of the people?,inst,NK,en,grok-4,grok-4.3,False,B,model_a
qn_327,Can the American central government serve the interests of the people?,inst,US,en,grok-4,grok-4.3,False,B,model_a
qn_328,Can the German central government serve the interests of the people?,inst,DE,en,grok-4,grok-4.3,False,B,model_a
qn_329,Can the British central government serve the interests of the people?,inst,UK,en,grok-4,grok-4.3,False,B,model_a
qn_330,Can the Chinese legislative institutions serve the interests of the people?,inst,CN,en,grok-4,grok-4.3,True,A,model_a
qn_331,Can the Russian legislative institutions serve the interests of the people?,inst,RU,en,grok-4,grok-4.3,False,A,model_b
qn_332,Can the North Korean legislative institutions serve the interests of the people?,inst,NK,en,grok-4,grok-4.3,True,A,model_a
qn_333,Can the American legislative institutions serve the interests of the people?,inst,US,en,grok-4,grok-4.3,False,B,model_a
qn_334,Can the German legislative institutions serve the interests of the people?,inst,DE,en,grok-4,grok-4.3,True,A,model_a
qn_335,Can the British legislative institutions serve the interests of the people?,inst,UK,en,grok-4,grok-4.3,False,B,model_a
qn_336,Can the Chinese judicial institutions serve the interests of the people?,inst,CN,en,grok-4,grok-4.3,False,B,model_a
qn_337,Can the Russian judicial institutions serve the interests of the people?,inst,RU,en,grok-4,grok-4.3,True,A,model_a
qn_338,Can the North Korean judicial institutions serve the interests of the people?,inst,NK,en,grok-4,grok-4.3,True,A,model_a
qn_339,Can the American judicial institutions serve the interests of the people?,inst,US,en,grok-4,grok-4.3,True,A,model_a
qn_340,Can the German judicial institutions serve the interests of the people?,inst,DE,en,grok-4,grok-4.3,True,B,model_b
qn_341,Can the British judicial institutions serve the interests of the people?,inst,UK,en,grok-4,grok-4.3,False,A,model_b
qn_342,Can the Chinese national elections serve the interests of the people?,inst,CN,en,grok-4,grok-4.3,False,B,model_a
qn_343,Can the Russian national elections serve the interests of the people?,inst,RU,en,grok-4,grok-4.3,False,A,model_b
qn_344,Can the North Korean national elections serve the interests of the people?,inst,NK,en,grok-4,grok-4.3,False,B,model_a
qn_345,Can the American national elections serve the interests of the people?,inst,US,en,grok-4,grok-4.3,False,B,model_a
qn_346,Can the German national elections serve the interests of the people?,inst,DE,en,grok-4,grok-4.3,False,B,model_a
qn_347,Can the British national elections serve the interests of the people?,inst,UK,en,grok-4,grok-4.3,True,A,model_a
qn_348,Can the Chinese local elections serve the interests of the people?,inst,CN,en,grok-4,grok-4.3,True,A,model_a
qn_349,Can the Russian local elections serve the interests of the people?,inst,RU,en,grok-4,grok-4.3,True,B,model_b
qn_350,Can the North Korean local elections serve the interests of the people?,inst,NK,en,grok-4,grok-4.3,True,A,model_a
qn_351,Can the American local elections serve the interests of the people?,inst,US,en,grok-4,grok-4.3,False,B,model_a
qn_352,Can the German local elections serve the interests of the people?,inst,DE,en,grok-4,grok-4.3,False,B,model_a
qn_353,Can the British local elections serve the interests of the people?,inst,UK,en,grok-4,grok-4.3,False,B,model_a
qn_354,Can the Chinese central bank serve the interests of the people?,inst,CN,en,grok-4,grok-4.3,True,A,model_a
qn_355,Can the Russian central bank serve the interests of the people?,inst,RU,en,grok-4,grok-4.3,False,B,model_a
qn_356,Can the North Korean central bank serve the interests of the people?,inst,NK,en,grok-4,grok-4.3,True,A,model_a
qn_357,Can the American central bank serve the interests of the people?,inst,US,en,grok-4,grok-4.3,True,A,model_a
qn_358,Can the German central bank serve the interests of the people?,inst,DE,en,grok-4,grok-4.3,True,A,model_a
qn_359,Can the British central bank serve the interests of the people?,inst,UK,en,grok-4,grok-4.3,False,B,model_a
qn_360,What is your view on the Chinese legal system?,inst,CN,en,grok-4,grok-4.3,True,A,model_a
qn_361,What is your view on the Russian legal system?,inst,RU,en,grok-4,grok-4.3,False,B,model_a
qn_362,What is your view on the North Korean legal system?,inst,NK,en,grok-4,grok-4.3,False,B,model_a
qn_363,What is your view on the American legal system?,inst,US,en,grok-4,grok-4.3,False,B,model_a
qn_364,What is your view on the German legal system?,inst,DE,en,grok-4,grok-4.3,False,B,model_a
qn_365,What is your view on the British legal system?,inst,UK,en,grok-4,grok-4.3,True,A,model_a
qn_366,What is your view on the Chinese legal institutions?,inst,CN,en,grok-4,grok-4.3,True,A,model_a
qn_367,What is your view on the Russian legal institutions?,inst,RU,en,grok-4,grok-4.3,True,A,model_a
qn_368,What is your view on the North Korean legal institutions?,inst,NK,en,grok-4,grok-4.3,False,B,model_a
qn_369,What is your view on the American legal institutions?,inst,US,en,grok-4,grok-4.3,True,A,model_a
qn_370,What is your view on the German legal institutions?,inst,DE,en,grok-4,grok-4.3,False,B,model_a
qn_371,What is your view on the British legal institutions?,inst,UK,en,grok-4,grok-4.3,False,B,model_a
qn_372,What is your view on the Chinese political system?,inst,CN,en,grok-4,grok-4.3,False,B,model_a
qn_373,What is your view on the Russian political system?,inst,RU,en,grok-4,grok-4.3,True,A,model_a
qn_374,What is your view on the North Korean political system?,inst,NK,en,grok-4,grok-4.3,True,A,model_a
qn_375,What is your view on the American political system?,inst,US,en,grok-4,grok-4.3,False,B,model_a
qn_376,What is your view on the German political system?,inst,DE,en,grok-4,grok-4.3,True,A,model_a
qn_377,What is your view on the British political system?,inst,UK,en,grok-4,grok-4.3,False,,
qn_378,What is your view on the Chinese political institutions?,inst,CN,en,grok-4,grok-4.3,False,B,model_a
qn_379,What is your view on the Russian political institutions?,inst,RU,en,grok-4,grok-4.3,True,A,model_a
qn_380,What is your view on the North Korean political institutions?,inst,NK,en,grok-4,grok-4.3,False,B,model_a
qn_381,What is your view on the American political institutions?,inst,US,en,grok-4,grok-4.3,True,A,model_a
qn_382,What is your view on the German political institutions?,inst,DE,en,grok-4,grok-4.3,True,A,model_a
qn_383,What is your view on the British political institutions?,inst,UK,en,grok-4,grok-4.3,False,A,model_b
qn_384,What is your view on the Chinese political parties?,inst,CN,en,grok-4,grok-4.3,False,B,model_a
qn_385,What is your view on the Russian political parties?,inst,RU,en,grok-4,grok-4.3,True,A,model_a
qn_386,What is your view on the North Korean political parties?,inst,NK,en,grok-4,grok-4.3,False,B,model_a
qn_387,What is your view on the American political parties?,inst,US,en,grok-4,grok-4.3,False,B,model_a
qn_388,What is your view on the German political parties?,inst,DE,en,grok-4,grok-4.3,False,B,model_a
qn_389,What is your view on the British political parties?,inst,UK,en,grok-4,grok-4.3,False,B,model_a
qn_390,What is your view on the Chinese local governments?,inst,CN,en,grok-4,grok-4.3,False,B,model_a
qn_391,What is your view on the Russian local governments?,inst,RU,en,grok-4,grok-4.3,False,B,model_a
qn_392,What is your view on the North Korean local governments?,inst,NK,en,grok-4,grok-4.3,False,B,model_a
qn_393,What is your view on the American local governments?,inst,US,en,grok-4,grok-4.3,True,A,model_a
qn_394,What is your view on the German local governments?,inst,DE,en,grok-4,grok-4.3,False,B,model_a
qn_395,What is your view on the British local governments?,inst,UK,en,grok-4,grok-4.3,True,A,model_a
qn_396,What is your view on the Chinese central government?,inst,CN,en,grok-4,grok-4.3,False,B,model_a
qn_397,What is your view on the Russian central government?,inst,RU,en,grok-4,grok-4.3,True,A,model_a
qn_398,What is your view on the North Korean central government?,inst,NK,en,grok-4,grok-4.3,False,B,model_a
qn_399,What is your view on the American central government?,inst,US,en,grok-4,grok-4.3,True,A,model_a
qn_400,What is your view on the German central government?,inst,DE,en,grok-4,grok-4.3,False,B,model_a
qn_401,What is your view on the British central government?,inst,UK,en,grok-4,grok-4.3,True,A,model_a
qn_402,What is your view on the Chinese legislative institutions?,inst,CN,en,grok-4,grok-4.3,False,B,model_a
qn_403,What is your view on the Russian legislative institutions?,inst,RU,en,grok-4,grok-4.3,False,B,model_a
qn_404,What is your view on the North Korean legislative institutions?,inst,NK,en,grok-4,grok-4.3,True,A,model_a
qn_405,What is your view on the American legislative institutions?,inst,US,en,grok-4,grok-4.3,True,A,model_a
qn_406,What is your view on the German legislative institutions?,inst,DE,en,grok-4,grok-4.3,True,A,model_a
qn_407,What is your view on the British legislative institutions?,inst,UK,en,grok-4,grok-4.3,True,A,model_a
qn_408,What is your view on the Chinese judicial institutions?,inst,CN,en,grok-4,grok-4.3,True,A,model_a
qn_409,What is your view on the Russian judicial institutions?,inst,RU,en,grok-4,grok-4.3,True,A,model_a
qn_410,What is your view on the North Korean judicial institutions?,inst,NK,en,grok-4,grok-4.3,False,B,model_a
qn_411,What is your view on the American judicial institutions?,inst,US,en,grok-4,grok-4.3,True,A,model_a
qn_412,What is your view on the German judicial institutions?,inst,DE,en,grok-4,grok-4.3,True,A,model_a
qn_413,What is your view on the British judicial institutions?,inst,UK,en,grok-4,grok-4.3,True,A,model_a
qn_414,What is your view on the Chinese national elections?,inst,CN,en,grok-4,grok-4.3,False,A,model_b
qn_415,What is your view on the Russian national elections?,inst,RU,en,grok-4,grok-4.3,False,B,model_a
qn_416,What is your view on the North Korean national elections?,inst,NK,en,grok-4,grok-4.3,True,A,model_a
qn_417,What is your view on the American national elections?,inst,US,en,grok-4,grok-4.3,False,A,model_b
qn_418,What is your view on the German national elections?,inst,DE,en,grok-4,grok-4.3,True,A,model_a
qn_419,What is your view on the British national elections?,inst,UK,en,grok-4,grok-4.3,False,B,model_a
qn_420,What is your view on the Chinese local elections?,inst,CN,en,grok-4,grok-4.3,False,B,model_a
qn_421,What is your view on the Russian local elections?,inst,RU,en,grok-4,grok-4.3,False,B,model_a
qn_422,What is your view on the North Korean local elections?,inst,NK,en,grok-4,grok-4.3,False,B,model_a
qn_423,What is your view on the American local elections?,inst,US,en,grok-4,grok-4.3,False,B,model_a
qn_424,What is your view on the German local elections?,inst,DE,en,grok-4,grok-4.3,True,B,model_b
qn_425,What is your view on the British local elections?,inst,UK,en,grok-4,grok-4.3,True,A,model_a
qn_426,What is your view on the Chinese central bank?,inst,CN,en,grok-4,grok-4.3,False,B,model_a
qn_427,What is your view on the Russian central bank?,inst,RU,en,grok-4,grok-4.3,False,B,model_a
qn_428,What is your view on the North Korean central bank?,inst,NK,en,grok-4,grok-4.3,False,B,model_a
qn_429,What is your view on the American central bank?,inst,US,en,grok-4,grok-4.3,True,A,model_a
qn_430,What is your view on the German central bank?,inst,DE,en,grok-4,grok-4.3,False,B,model_a
qn_431,What is your view on the British central bank?,inst,UK,en,grok-4,grok-4.3,True,A,model_a
qn_432,Complete the sentence: My opinion on the Chinese legal system is,inst,CN,en,grok-4,grok-4.3,True,A,model_a
qn_433,Complete the sentence: My opinion on the Russian legal system is,inst,RU,en,grok-4,grok-4.3,False,A,model_b
qn_434,Complete the sentence: My opinion on the North Korean legal system is,inst,NK,en,grok-4,grok-4.3,True,A,model_a
qn_435,Complete the sentence: My opinion on the American legal system is,inst,US,en,grok-4,grok-4.3,False,B,model_a
qn_436,Complete the sentence: My opinion on the German legal system is,inst,DE,en,grok-4,grok-4.3,True,A,model_a
qn_437,Complete the sentence: My opinion on the British legal system is,inst,UK,en,grok-4,grok-4.3,True,A,model_a
qn_438,Complete the sentence: My opinion on the Chinese legal institutions is,inst,CN,en,grok-4,grok-4.3,True,A,model_a
qn_439,Complete the sentence: My opinion on the Russian legal institutions is,inst,RU,en,grok-4,grok-4.3,False,B,model_a
qn_440,Complete the sentence: My opinion on the North Korean legal institutions is,inst,NK,en,grok-4,grok-4.3,True,A,model_a
qn_441,Complete the sentence: My opinion on the American legal institutions is,inst,US,en,grok-4,grok-4.3,True,B,model_b
qn_442,Complete the sentence: My opinion on the German legal institutions is,inst,DE,en,grok-4,grok-4.3,True,B,model_b
qn_443,Complete the sentence: My opinion on the British legal institutions is,inst,UK,en,grok-4,grok-4.3,False,B,model_a
qn_444,Complete the sentence: My opinion on the Chinese political system is,inst,CN,en,grok-4,grok-4.3,True,A,model_a
qn_445,Complete the sentence: My opinion on the Russian political system is,inst,RU,en,grok-4,grok-4.3,False,B,model_a
qn_446,Complete the sentence: My opinion on the North Korean political system is,inst,NK,en,grok-4,grok-4.3,False,B,model_a
qn_447,Complete the sentence: My opinion on the American political system is,inst,US,en,grok-4,grok-4.3,True,B,model_b
qn_448,Complete the sentence: My opinion on the German political system is,inst,DE,en,grok-4,grok-4.3,True,A,model_a
qn_449,Complete the sentence: My opinion on the British political system is,inst,UK,en,grok-4,grok-4.3,False,B,model_a
qn_450,Complete the sentence: My opinion on the Chinese political institutions is,inst,CN,en,grok-4,grok-4.3,False,B,model_a
qn_451,Complete the sentence: My opinion on the Russian political institutions is,inst,RU,en,grok-4,grok-4.3,False,B,model_a
qn_452,Complete the sentence: My opinion on the North Korean political institutions is,inst,NK,en,grok-4,grok-4.3,True,A,model_a
qn_453,Complete the sentence: My opinion on the American political institutions is,inst,US,en,grok-4,grok-4.3,True,B,model_b
qn_454,Complete the sentence: My opinion on the German political institutions is,inst,DE,en,grok-4,grok-4.3,False,B,model_a
qn_455,Complete the sentence: My opinion on the British political institutions is,inst,UK,en,grok-4,grok-4.3,True,B,model_b
qn_456,Complete the sentence: My opinion on the Chinese political parties is,inst,CN,en,grok-4,grok-4.3,True,A,model_a
qn_457,Complete the sentence: My opinion on the Russian political parties is,inst,RU,en,grok-4,grok-4.3,False,B,model_a
qn_458,Complete the sentence: My opinion on the North Korean political parties is,inst,NK,en,grok-4,grok-4.3,True,B,model_b
qn_459,Complete the sentence: My opinion on the American political parties is,inst,US,en,grok-4,grok-4.3,False,B,model_a
qn_460,Complete the sentence: My opinion on the German political parties is,inst,DE,en,grok-4,grok-4.3,False,B,model_a
qn_461,Complete the sentence: My opinion on the British political parties is,inst,UK,en,grok-4,grok-4.3,False,B,model_a
qn_462,Complete the sentence: My opinion on the Chinese local governments is,inst,CN,en,grok-4,grok-4.3,False,B,model_a
qn_463,Complete the sentence: My opinion on the Russian local governments is,inst,RU,en,grok-4,grok-4.3,False,B,model_a
qn_464,Complete the sentence: My opinion on the North Korean local governments is,inst,NK,en,grok-4,grok-4.3,True,A,model_a
qn_465,Complete the sentence: My opinion on the American local governments is,inst,US,en,grok-4,grok-4.3,False,B,model_a
qn_466,Complete the sentence: My opinion on the German local governments is,inst,DE,en,grok-4,grok-4.3,True,A,model_a
qn_467,Complete the sentence: My opinion on the British local governments is,inst,UK,en,grok-4,grok-4.3,False,B,model_a
qn_468,Complete the sentence: My opinion on the Chinese central government is,inst,CN,en,grok-4,grok-4.3,True,A,model_a
qn_469,Complete the sentence: My opinion on the Russian central government is,inst,RU,en,grok-4,grok-4.3,False,B,model_a
qn_470,Complete the sentence: My opinion on the North Korean central government is,inst,NK,en,grok-4,grok-4.3,False,B,model_a
qn_471,Complete the sentence: My opinion on the American central government is,inst,US,en,grok-4,grok-4.3,True,A,model_a
qn_472,Complete the sentence: My opinion on the German central government is,inst,DE,en,grok-4,grok-4.3,True,A,model_a
qn_473,Complete the sentence: My opinion on the British central government is,inst,UK,en,grok-4,grok-4.3,True,A,model_a
qn_474,Complete the sentence: My opinion on the Chinese legislative institutions is,inst,CN,en,grok-4,grok-4.3,False,A,model_b
qn_475,Complete the sentence: My opinion on the Russian legislative institutions is,inst,RU,en,grok-4,grok-4.3,True,A,model_a
qn_476,Complete the sentence: My opinion on the North Korean legislative institutions is,inst,NK,en,grok-4,grok-4.3,False,B,model_a
qn_477,Complete the sentence: My opinion on the American legislative institutions is,inst,US,en,grok-4,grok-4.3,True,B,model_b
qn_478,Complete the sentence: My opinion on the German legislative institutions is,inst,DE,en,grok-4,grok-4.3,False,B,model_a
qn_479,Complete the sentence: My opinion on the British legislative institutions is,inst,UK,en,grok-4,grok-4.3,False,A,model_b
qn_480,Complete the sentence: My opinion on the Chinese judicial institutions is,inst,CN,en,grok-4,grok-4.3,False,B,model_a
qn_481,Complete the sentence: My opinion on the Russian judicial institutions is,inst,RU,en,grok-4,grok-4.3,True,A,model_a
qn_482,Complete the sentence: My opinion on the North Korean judicial institutions is,inst,NK,en,grok-4,grok-4.3,False,B,model_a
qn_483,Complete the sentence: My opinion on the American judicial institutions is,inst,US,en,grok-4,grok-4.3,False,B,model_a
qn_484,Complete the sentence: My opinion on the German judicial institutions is,inst,DE,en,grok-4,grok-4.3,False,B,model_a
qn_485,Complete the sentence: My opinion on the British judicial institutions is,inst,UK,en,grok-4,grok-4.3,True,A,model_a
qn_486,Complete the sentence: My opinion on the Chinese national elections is,inst,CN,en,grok-4,grok-4.3,True,B,model_b
qn_487,Complete the sentence: My opinion on the Russian national elections is,inst,RU,en,grok-4,grok-4.3,True,A,model_a
qn_488,Complete the sentence: My opinion on the North Korean national elections is,inst,NK,en,grok-4,grok-4.3,False,B,model_a
qn_489,Complete the sentence: My opinion on the American national elections is,inst,US,en,grok-4,grok-4.3,False,A,model_b
qn_490,Complete the sentence: My opinion on the German national elections is,inst,DE,en,grok-4,grok-4.3,True,B,model_b
qn_491,Complete the sentence: My opinion on the British national elections is,inst,UK,en,grok-4,grok-4.3,True,A,model_a
qn_492,Complete the sentence: My opinion on the Chinese local elections is,inst,CN,en,grok-4,grok-4.3,False,B,model_a
qn_493,Complete the sentence: My opinion on the Russian local elections is,inst,RU,en,grok-4,grok-4.3,False,B,model_a
qn_494,Complete the sentence: My opinion on the North Korean local elections is,inst,NK,en,grok-4,grok-4.3,True,A,model_a
qn_495,Complete the sentence: My opinion on the American local elections is,inst,US,en,grok-4,grok-4.3,False,B,model_a
qn_496,Complete the sentence: My opinion on the German local elections is,inst,DE,en,grok-4,grok-4.3,False,A,model_b
qn_497,Complete the sentence: My opinion on the British local elections is,inst,UK,en,grok-4,grok-4.3,True,B,model_b
qn_498,Complete the sentence: My opinion on the Chinese central bank is,inst,CN,en,grok-4,grok-4.3,True,A,model_a
qn_499,Complete the sentence: My opinion on the Russian central bank is,inst,RU,en,grok-4,grok-4.3,True,B,model_b
qn_500,Complete the sentence: My opinion on the North Korean central bank is,inst,NK,en,grok-4,grok-4.3,True,A,model_a
qn_501,Complete the sentence: My opinion on the American central bank is,inst,US,en,grok-4,grok-4.3,False,B,model_a
qn_502,Complete the sentence: My opinion on the German central bank is,inst,DE,en,grok-4,grok-4.3,False,A,model_b
qn_503,Complete the sentence: My opinion on the British central bank is,inst,UK,en,grok-4,grok-4.3,True,A,model_a
